instrument_token,256265,256777,257033,257289,257545,257801,258825,259081,259337,259593,259849,260105,260617,260873,261129,261385,261641,261897,262153,262409,262665,262921,263177,263433,263689,263945,264713,264969,265737,265993,266249,266505,266761,267017,267273,267529,267785,268041,268297,268553,268809,269065,269321,269577,269833,270089,270345,270601,270857,271113,271625,271881,272137,272393,273673,288009,288265,288521,288777,289033,289289,289545,289801,290057,290313,290569,290825,291081,291337,291593
256265,1.0,0.7723845514749147,0.8945869120085774,0.8151273283805607,0.8383839162185256,0.8544952563850814,0.9955923770943873,-0.9706922245914262,0.99548845635631,-0.9605082767492449,0.6536799222391904,0.8334226451337449,0.9816927164263559,0.7650522858532919,0.5690571731885321,0.8780462294229097,0.7887434594909372,0.61311051603401,0.7741454891834171,0.5359270891192592,0.7428640634312551,0.6931054452384641,0.9464569657368751,0.744451360048188,0.7119457804130088,0.48243127526019175,,-0.38068881483763356,0.8416251875379367,0.7196814673816335,0.7684786023209915,0.7584831861501048,0.7083441409107717,0.7138389368450866,0.7047842280938019,0.9179949999355207,0.9111013131801873,0.9450348863639142,0.7161664005868759,0.06652652809567418,0.09671207177264719,0.08467183460615724,0.07875942602330269,0.09298488883395317,0.09542979247748208,0.11144470997136802,0.8152716095365672,0.7197156848997839,0.7845630409163513,0.8071601982144945,0.9468527947817621,0.8858085966548562,0.900883384153642,0.8712866129796498,0.8632767345144489,0.7377549603275154,0.8572878029701563,0.5548108474238805,0.6662936541257692,0.7576538567014989,0.8905805767916344,0.8992638724888119,0.9771157989781563,0.8019446552385477,0.938712053549401,0.6544941929115832,0.7373357054771928,0.8367709467285205,0.7612739678770327,0.9521141327775405
256777,0.7723845514749147,1.0,0.8511877401903423,0.8500543304666428,0.7658529770017434,0.6500900453920576,0.7707786250766938,-0.7516985218887924,0.7715157355348132,-0.7443618996139557,0.5400903563335496,0.6455416822029578,0.8419126580166866,0.9738482612446498,0.7404405152990646,0.8175018671304233,0.8070527358806253,0.4788348553107839,0.8185589777721063,0.5649241209287629,0.8293665353234535,0.7514171909411647,0.7414291646654138,0.7167734427762023,0.776960526685204,0.6214774380632209,,-0.34850863079665495,0.8228811541875823,0.9171098321503818,0.9941982483251272,0.9767773819606166,0.8967933058345142,0.9071966737034187,0.9002659925788665,0.7367539028913231,0.7744473563005212,0.9204556820932621,0.7664216428804556,0.09738622924450449,0.10697993580459639,0.09810510412772853,0.08270582304423646,0.11054498959497862,0.10831610071958615,0.12689525186934855,0.6209638694921049,0.8990956071183782,0.9104490843909708,0.6154335252402422,0.8289249760300795,0.9075507182929125,0.739031279613381,0.7934281264075286,0.810064506176524,0.9202870263277273,0.7361168371012554,0.5996115719833407,0.7496123140343257,0.7823064014930013,0.9533571932486451,0.9658184703712471,0.8139281640551993,0.8788436701644777,0.9246645116166824,0.8448323281153037,0.9176801680589907,0.9030491764776516,0.8019658794762566,0.8575370889182542
257033,0.8945869120085774,0.8511877401903423,1.0,0.8777353076474119,0.8083022030120691,0.6926608887250957,0.8919086066255837,-0.8703475587594792,0.8919844158929433,-0.8613535556849007,0.7183092735502412,0.6811711003763834,0.9280496023845362,0.8385389505261537,0.6196844989090438,0.8601145299418176,0.8482300606056479,0.6195357276402284,0.8159374856574341,0.5053896980752387,0.8680466985991628,0.7623580082528163,0.8516280187681925,0.7236539265385811,0.7813102573867358,0.5305775108761125,,-0.36490031524601185,0.9011912437609068,0.8017596322834377,0.8463246550915581,0.8386840929841559,0.7899104847347644,0.7978346704968919,0.7847919760236302,0.9365143756622398,0.8429146440392294,0.9342755768191797,0.8316268303029213,0.0759037685682456,0.09331633887675977,0.0830986556861268,0.07159697900411043,0.09484469612021929,0.0998507625205204,0.11186244796080472,0.8155250321425119,0.7731961813551786,0.8700498540720152,0.6383603070884829,0.917805255968898,0.9157340700593702,0.8419703058461373,0.8989140816229175,0.8470478468114158,0.796278357374126,0.7559540209367199,0.524862967398172,0.6747553587598284,0.8171563129967604,0.9140126068866475,0.9199007406142231,0.8883709676704203,0.8674012251605461,0.9320630776525568,0.7268384066592685,0.8105449229492124,0.858076802290724,0.8187017966235068,0.9171227350750414
257289,0.8151273283805607,0.8500543304666428,0.8777353076474119,1.0,0.7442149313003478,0.6377307798508643,0.8134041385195561,-0.7931322771038188,0.813834898500434,-0.7849403288558003,0.46096814188163876,0.6290953164313683,0.8725820943866882,0.8314006205441973,0.6245170729148207,0.9034014665947413,0.9254678692904827,0.480906320067129,0.7884943177427963,0.4965069274513582,0.9073806556519879,0.735159005724797,0.734943654373056,0.6958241078350563,0.8898087519379958,0.547160058506396,,-0.3301348652611736,0.7754079414966307,0.8091139322105798,0.8479728756221663,0.8436722188972596,0.7950248157043474,0.8057869807128282,0.7948714226033806,0.7774737668204228,0.836981852599179,0.8971187716541567,0.8738601828723719,0.09030946154575423,0.10694800980299002,0.09708793888442722,0.08553856282551348,0.10564913365764007,0.10374107104878437,0.12367718707934612,0.5999615082686369,0.7379717121812719,0.8914057798724135,0.5902543858243252,0.877524011140089,0.9175118889178461,0.747782845299304,0.770473740182665,0.8106704989213283,0.7684376918860871,0.709722624614356,0.5138525866145894,0.6670532960961773,0.886067495460437,0.8923320631837901,0.8951557452767769,0.8370008136578864,0.8470556113647243,0.8971629048113441,0.7427917249585126,0.7850066330653295,0.884066795514527,0.6822214456109312,0.8486576360175235
257545,0.8383839162185256,0.7658529770017434,0.8083022030120691,0.7442149313003478,1.0,0.6198204137139292,0.8358511274431397,-0.8153780542665963,0.8359701377476443,-0.8073181839030917,0.503727349341308,0.5961383099714925,0.8669708994690277,0.7549592500625076,0.5912935808978653,0.8052954707468926,0.7068545063335469,0.75966364967354,0.8346067990144381,0.526255425444838,0.679687501091992,0.588561700485075,0.7490263665116995,0.8199339884850315,0.6443301700662162,0.4820463194118723,,-0.3459445046916406,0.8353097839789027,0.718636673942765,0.7654885733739183,0.7551101869563464,0.7020780821315452,0.7054361178479682,0.7009016326621921,0.7597955231148109,0.8109233248583889,0.86331024201591,0.6489857587473191,0.0545630939967585,0.06709408001806107,0.058010297523397855,0.052282923329790974,0.07934603502306188,0.07124132140867281,0.07912621312907368,0.7839925847534374,0.6974680887200577,0.7974361128795014,0.5772041348717567,0.8711100364531356,0.8561817391127028,0.8603646326970418,0.8577604149329093,0.8483661471530589,0.7181867936569724,0.6701258459921677,0.5680634639057344,0.7132617128662287,0.6691832844327491,0.8361362192363213,0.844500067820872,0.8561446144074679,0.7837995295358258,0.8602557191230756,0.6530728210455508,0.722457368378758,0.8304813866641211,0.7232673229767099,0.8618863033168258
257801,0.8544952563850814,0.6500900453920576,0.6926608887250957,0.6377307798508643,0.6198204137139292,1.0,0.8527591893351851,-0.8309548440698065,0.8525231288507907,-0.8214975604440679,0.4157406026713405,0.9646625395798852,0.8472228910638275,0.6432780045368147,0.4830195807236069,0.6700459861941316,0.6116428309504109,0.4219652232577265,0.5900272565796967,0.37767666206377637,0.6145180216708513,0.6746944649169065,0.9155473013467136,0.5585305477781638,0.5614144220453009,0.404644755400455,,-0.31736860443902537,0.6137971742763342,0.6031149328025156,0.643777388980929,0.6315323962486825,0.5868140056432037,0.5914209729791065,0.5805187496298592,0.7351301443657892,0.7793473854522155,0.8079092228279293,0.5658737252720046,0.06907286347569354,0.1058405270705647,0.08685526637137735,0.08506928978030182,0.09523716111366784,0.09189702490982089,0.11680533087282424,0.534743201919254,0.6111568642599161,0.6692848722194581,0.9347874605506025,0.7515770846938274,0.7265590164264892,0.6976862764856394,0.6455338928704062,0.6673464451420028,0.619389090884697,0.9415177025154975,0.39734200207985615,0.5255311552497411,0.5826660981741132,0.7541190911052923,0.7647846978752847,0.8289084560154788,0.6381122453290582,0.8014399767450717,0.5387105727792038,0.5972812446984458,0.6437180044218709,0.5597628101868486,0.8024582274399408
258825,0.9955923770943873,0.7707786250766938,0.8919086066255837,0.8134041385195561,0.8358511274431397,0.8527591893351851,1.0,-0.9739807650844887,0.9997568631722334,-0.963641916597344,0.6508904058778612,0.8317892594947062,0.9790794474588054,0.7639663047481337,0.5669863877397343,0.8761370802207283,0.786926201971482,0.6110294188623306,0.7721669161366637,0.5343578407026102,0.7413915584931415,0.6914612509248835,0.943536425272056,0.7427107287895303,0.7111151412637604,0.480982841669225,,-0.3854164577415386,0.8412930848938913,0.7184822133960126,0.7666553408315594,0.7564369981057891,0.7060194266566668,0.71155317581048,0.7024712208534171,0.915487149063374,0.9087617378488501,0.942538415038469,0.7144859189848958,0.057172453812250335,0.09016060698795747,0.07963423010319029,0.0766332590963028,0.08621800543281725,0.0927220858943093,0.10489185496045252,0.8122138303261994,0.7182394679505021,0.7831776027294582,0.8060078511403858,0.9476028062685705,0.8855237226725043,0.9014261067892841,0.8710309824458724,0.8633861720844249,0.7363688304186768,0.8591896291106718,0.5539564095650173,0.6656959263754167,0.7553926745669098,0.8881648835350339,0.8970169292583304,0.9778431145193034,0.8015183126837488,0.9362542348867774,0.6515920846999378,0.736341266254707,0.8367170403352203,0.7587103846064157,0.9522139563374554
259081,-0.9706922245914262,-0.7516985218887924,-0.8703475587594792,-0.7931322771038188,-0.8153780542665963,-0.8309548440698065,-0.9739807650844887,1.0,-0.9737298971585561,0.9410128050051616,-0.6368034572260485,-0.8111330212041103,-0.9546443240211518,-0.7455950182286502,-0.5520093384313576,-0.8537166412501431,-0.767064442497207,-0.596920456475738,-0.7529291219304428,-0.5192652134842562,-0.7220897069247926,-0.6739409335377611,-0.9203545038380717,-0.7238965532794557,-0.6935748884838178,-0.46853991617453283,,0.3790202946783763,-0.8206074707442735,-0.6991855451672,-0.747210590188407,-0.7371210259460584,-0.6877210169572605,-0.6931184380164245,-0.684302991965746,-0.8937281476455696,-0.8855307642145224,-0.9188392152696577,-0.6956632187389148,-0.04900696299071668,-0.08363980491341061,-0.07372226176533535,-0.0736837880850974,-0.07972330341282703,-0.086314096623011,-0.09699059557828371,-0.7929958794329666,-0.700766865014283,-0.7629699410203562,-0.7860610112998496,-0.9235826213948695,-0.8625361274502259,-0.8784831977978229,-0.8493697344848923,-0.8414460544250211,-0.7191289460081551,-0.8363421070187792,-0.5390133916235313,-0.6491426261506382,-0.7365129063924691,-0.8657411315975486,-0.8744778756371582,-0.9529250581490915,-0.7810805177420109,-0.9127019638226339,-0.6348295449798292,-0.7174328867318533,-0.8146869956629279,-0.7411775455388154,-0.9281986983867849
259337,0.99548845635631,0.7715157355348132,0.8919844158929433,0.813834898500434,0.8359701377476443,0.8525231288507907,0.9997568631722334,-0.9737298971585561,1.0,-0.9637472804988707,0.650982378216328,0.8315060956597107,0.9791071474562616,0.7644289715367637,0.5677559009325519,0.876341940608057,0.7872017147203868,0.6105076416862659,0.772689602685033,0.5350194596662314,0.7417311412990144,0.6916516745838732,0.9433167821905722,0.7432239516318945,0.7114956450725989,0.48176107311036787,,-0.38582769627301633,0.8413992640802898,0.7192004890044609,0.7675335801964346,0.7572760178726115,0.7067486352383217,0.7122159264613601,0.7032120095708673,0.915450595764882,0.9086968558374778,0.9428329256802128,0.7147546830580829,0.05883808197139527,0.09172999075789127,0.08141710217115249,0.07752939564094465,0.08761579764368725,0.09386015375913218,0.10657387133371443,0.8121405326754476,0.7190352672150189,0.783609852416757,0.8055629189661414,0.947789892965398,0.8858862747660146,0.9015538362580399,0.8711307985718239,0.8636023277410807,0.7369609093013341,0.8591688399992055,0.5545431091182955,0.6665464608779289,0.7560169100504347,0.8886746199541279,0.8975519243625818,0.9780211030648359,0.8017284499102195,0.9365833737190253,0.6525827106800675,0.7370543120492965,0.8374314802209544,0.7592547507720612,0.9524573286661547
259593,-0.9605082767492449,-0.7443618996139557,-0.8613535556849007,-0.7849403288558003,-0.8073181839030917,-0.8214975604440679,-0.963641916597344,0.9410128050051616,-0.9637472804988707,1.0,-0.6309941931191724,-0.8019032056222476,-0.9446111799656784,-0.7381202119481954,-0.5479394236931924,-0.8449612377608365,-0.7591820352555858,-0.5904617540394825,-0.7455089035373248,-0.5146782931613167,-0.714850487908321,-0.6660937379289722,-0.9104709422637841,-0.7171009879147219,-0.6862287142885316,-0.463169352096779,,0.37564393441134153,-0.8124640447415239,-0.6925172596939116,-0.7402921063523227,-0.7302066408705138,-0.6810943781072538,-0.6863949439015489,-0.6777587440958158,-0.8845221718293356,-0.876168186280936,-0.9094409812297538,-0.6889384331083023,-0.04948262321450756,-0.08410418885098823,-0.07487201440705045,-0.0737360609204718,-0.0809469986862566,-0.08763423105852482,-0.09801854001329212,-0.7857408739046088,-0.6944074404903563,-0.7550001402248891,-0.7775354794953974,-0.9139666039015449,-0.8536855429062511,-0.8698439163977673,-0.8407949126486078,-0.8328800515209218,-0.7118509036096657,-0.8270265949972178,-0.5339913546330665,-0.6424020864254619,-0.7290110555817253,-0.8570944824330395,-0.8658420514930113,-0.9431477707077481,-0.7731335945815465,-0.9034154200462002,-0.629234488117371,-0.7106547107889722,-0.806704258361134,-0.734053854558839,-0.9187569315346364
259849,0.6536799222391904,0.5400903563335496,0.7183092735502412,0.46096814188163876,0.503727349341308,0.4157406026713405,0.6508904058778612,-0.6368034572260485,0.650982378216328,-0.6309941931191724,1.0,0.4120521002119219,0.6375754384686375,0.5518860408744427,0.37023871788140106,0.4800787456322694,0.42284617891953286,0.36678321779469775,0.5081096571636662,0.35502958724699035,0.3931785660438076,0.36918757828471843,0.6857532620082545,0.4495623424168244,0.43316576128925594,0.3141978601746123,,-0.2870771237092886,0.7226160560558549,0.45458724674991763,0.5371226411869658,0.5260308103150559,0.49097226335950966,0.48754399282462946,0.48213199639272214,0.7909803259274405,0.49613130322741733,0.624989623629677,0.3715070162433387,0.04536982314548094,0.057230074948973045,0.054268011640403964,0.04535882838978959,0.05625100089425915,0.07713748510098964,0.07641624139118035,0.8124329335418644,0.571755018555826,0.47964379333362717,0.4081951851347886,0.6253680681300423,0.5589707638106439,0.6319940556297338,0.7132760788836962,0.5493211008577727,0.5781422281224599,0.4356723615964839,0.3688096035800571,0.42635245621513274,0.4195275150348753,0.597252253581376,0.6063731520642065,0.641067909059162,0.5350908635758622,0.6215055576413236,0.4445967663232879,0.5882301719980516,0.511126352834899,0.8147725133263001,0.6771192426293134
260105,0.8334226451337449,0.6455416822029578,0.6811711003763834,0.6290953164313683,0.5961383099714925,0.9646625395798852,0.8317892594947062,-0.8111330212041103,0.8315060956597107,-0.8019032056222476,0.4120521002119219,1.0,0.8266849023416768,0.6418063311180872,0.4715773857474997,0.6557900713652443,0.6052803187240007,0.40104899858244847,0.575283406460692,0.3585803737400562,0.6008371092063616,0.7277468616531889,0.8960844363862513,0.545618050723515,0.5569522675644314,0.4007176245239537,,-0.31110504466912536,0.59536339311798,0.5903700695700028,0.6380083804598367,0.6259781107685474,0.5806384939724226,0.5857451846792424,0.5755530144971699,0.7394641098854599,0.7664325024818291,0.7916712678346014,0.5587918953796116,0.05972991946131152,0.09345482328003991,0.07625059794174992,0.07793416784978693,0.08316621732255217,0.08440158849165776,0.10446321417930589,0.5177033359374479,0.6157547658754677,0.652971462608375,0.9711340361414573,0.7269315265845459,0.7068523729291732,0.6675507993489158,0.62425289686252,0.6496468438290265,0.625079777144595,0.8852844881334891,0.37812713878179566,0.5096135229850012,0.5790864553056766,0.7414812729180109,0.7519382182340645,0.8043207244232807,0.6216285509675439,0.7855512757607159,0.5341557198930361,0.5867083238970666,0.6298460946731815,0.5506145400309143,0.7770647605119991
260617,0.9816927164263559,0.8419126580166866,0.9280496023845362,0.8725820943866882,0.8669708994690277,0.8472228910638275,0.9790794474588054,-0.9546443240211518,0.9791071474562616,-0.9446111799656784,0.6375754384686375,0.8266849023416768,1.0,0.8287135731748333,0.628642772566435,0.9103691198142486,0.8411164829169059,0.6152096373934104,0.8229741193082394,0.5574073248126062,0.8125561912052308,0.7477237090182781,0.9415171252414868,0.773194910549932,0.7662203375303522,0.5335893321039098,,-0.38512234565920234,0.8681943067163077,0.7932964537649869,0.8389907946383032,0.8304843302340387,0.7772341678348498,0.7852460982439624,0.7756241624079331,0.9146547686957425,0.9254625972805082,0.9821004325221702,0.7741603767377649,0.08065282755375945,0.1071507729972966,0.09335919864430617,0.08502285306775964,0.10461885820291536,0.10432586290691728,0.12359001795304839,0.7976644590344742,0.7709989343783262,0.8727757475613634,0.7941383972831977,0.9573366873227442,0.9392317972438214,0.8964658860744504,0.889554528943788,0.8859221187323065,0.7909032625064087,0.8652182920350313,0.5780252239029052,0.7100431038861515,0.8052554611406302,0.9414715101027934,0.948562208921352,0.9788693816323102,0.8588724927601804,0.9775568149896442,0.7229887671228145,0.7944837346892129,0.8856218082478513,0.7938798521463214,0.9699360649474129
260873,0.7650522858532919,0.9738482612446498,0.8385389505261537,0.8314006205441973,0.7549592500625076,0.6432780045368147,0.7639663047481337,-0.7455950182286502,0.7644289715367637,-0.7381202119481954,0.5518860408744427,0.6418063311180872,0.8287135731748333,1.0,0.7094515374979996,0.8075656804688971,0.7827795149930358,0.4751231867603268,0.8106664083830804,0.5636785070892377,0.8107708359914862,0.7228939332282487,0.7332191030779984,0.7055283551210237,0.7627781148798628,0.5879732618909563,,-0.34198863388261314,0.8213431013690402,0.866441573391913,0.9632451805574953,0.9364075896274404,0.854099850733724,0.8577269749857451,0.8466167296401743,0.733677242547855,0.7602891263314516,0.8976748282975007,0.7380910007042236,0.07994248079884472,0.09128743983521258,0.08361351975346597,0.07223245436955962,0.0956055750851578,0.09741369800034842,0.10989081656273887,0.623089612173956,0.929193332004675,0.8898899819728406,0.6151622509032245,0.8206158965292414,0.8881716396961581,0.7360821918690906,0.787889699506319,0.8091055784004079,0.952681726592229,0.7289517595799927,0.6015078424922369,0.7316745999152264,0.7637833709232261,0.9213571198959237,0.9417047267375577,0.8035542636543624,0.8724332087792862,0.8998260536002817,0.7853014287667843,0.9011229508160008,0.8871300727932884,0.7864095336408434,0.8469026895619469
261129,0.5690571731885321,0.7404405152990646,0.6196844989090438,0.6245170729148207,0.5912935808978653,0.4830195807236069,0.5669863877397343,-0.5520093384313576,0.5677559009325519,-0.5479394236931924,0.37023871788140106,0.4715773857474997,0.628642772566435,0.7094515374979996,1.0,0.6262634477814021,0.6006080758559345,0.35390562763244765,0.6091310275210402,0.3914047709468294,0.6161728359688657,0.5548784456797317,0.5451815640116093,0.5388326974917229,0.5651318046967888,0.4665629196321417,,-0.2641940010217035,0.5960619761350783,0.7036196516453459,0.7461775440365852,0.7395593804184032,0.6804825513716412,0.6907110668924393,0.6922518765367286,0.5306672016504307,0.5744141702437228,0.6905938089632071,0.570061561838576,0.10151979582675767,0.1031332602334455,0.09851234269557597,0.07911166876836251,0.1109109671735605,0.1006833282734519,0.12255206597494013,0.44488166252694883,0.6543604199513402,0.7039496180358911,0.4470703666022557,0.6101539181415071,0.6894516783905746,0.5409548066996792,0.5826274075778985,0.5934311784080933,0.6570796113355444,0.5481303782022043,0.4126521149559238,0.5586301681009882,0.5738227814201512,0.7193778912063697,0.7234254629250637,0.6083715323015088,0.6532752676808075,0.6949254148667044,0.6570671817649125,0.6607654095723223,0.6623662345606053,0.5767617844159576,0.6405072861691976
261385,0.8780462294229097,0.8175018671304233,0.8601145299418176,0.9034014665947413,0.8052954707468926,0.6700459861941316,0.8761370802207283,-0.8537166412501431,0.876341940608057,-0.8449612377608365,0.4800787456322694,0.6557900713652443,0.9103691198142486,0.8075656804688971,0.6262634477814021,1.0,0.9050275387452341,0.5186174572298226,0.7772517472474498,0.502799155777246,0.8648189671689915,0.703105675041291,0.7852074136338709,0.7098225511364186,0.7486906445202908,0.518476732124617,,-0.34021359220504804,0.776530756030136,0.7737623764798107,0.81270483141862,0.803104927429769,0.7460494972505464,0.7576682348183844,0.7477825930670472,0.7859751894744823,0.8965105682744232,0.9099720322944401,0.8361613688607371,0.08758650166245507,0.10640240839854205,0.09766146648047144,0.08489452238381047,0.10553242537242928,0.10308431565054063,0.12276740609651825,0.6453339898527992,0.7334644438673291,0.8504010740597646,0.6218608927185382,0.887933330734583,0.8922319925585034,0.7991832473740879,0.7793248193562282,0.8446802752436008,0.7650033546428989,0.7268685506531115,0.5262243545396651,0.6713400227851161,0.8770030069894661,0.8843470090509558,0.8919895571877255,0.8913242636053114,0.8398042027772222,0.9072930174537305,0.6993469344452108,0.7501165788510504,0.8550210277446517,0.6992202895511486,0.8692158956198816
261641,0.7887434594909372,0.8070527358806253,0.8482300606056479,0.9254678692904827,0.7068545063335469,0.6116428309504109,0.786926201971482,-0.767064442497207,0.7872017147203868,-0.7591820352555858,0.42284617891953286,0.6052803187240007,0.8411164829169059,0.7827795149930358,0.6006080758559345,0.9050275387452341,1.0,0.45263704120713366,0.7271042835004244,0.46370638405098347,0.9196625165241687,0.7139908847345545,0.7119961969734503,0.6543468169257044,0.7470586688595743,0.5241402189043907,,-0.31339309582759745,0.7336848026767219,0.7873582808759475,0.8061700582164123,0.8066378957453715,0.76093459894091,0.7760326584970219,0.7674760479427157,0.7430380101744961,0.8167622388368174,0.8626840556158814,0.9105125784810033,0.09028620522116708,0.11071954969840359,0.09939387633408987,0.08944445915262272,0.11018971711965116,0.10328322447049809,0.1250775351117284,0.5620452403256089,0.695066486242883,0.8466209229744016,0.564424889969411,0.8276615393373566,0.8684670495429346,0.7047302327959127,0.7266665369103805,0.7694428038615487,0.7216495982648906,0.6801981496878394,0.4792674117088575,0.6325421766100195,0.9161648196576361,0.8566710618122348,0.8558602521454389,0.8061644826045917,0.8101124724840754,0.8629176687098934,0.71923820902055,0.7400824143351012,0.8240198968317289,0.6416876953971294,0.8036381907727801
261897,0.61311051603401,0.4788348553107839,0.6195357276402284,0.480906320067129,0.75966364967354,0.4219652232577265,0.6110294188623306,-0.596920456475738,0.6105076416862659,-0.5904617540394825,0.36678321779469775,0.40104899858244847,0.6152096373934104,0.4751231867603268,0.35390562763244765,0.5186174572298226,0.45263704120713366,1.0,0.6839351354512908,0.3855902509796285,0.4165958077285727,0.362012436644929,0.5015225104656826,0.47052981207547667,0.4019903978200838,0.30483379608897115,,-0.24723768775157282,0.6846235589494196,0.4365196773543473,0.48132956364662766,0.47579641163169073,0.4446193327582227,0.44460253034007224,0.44316410147058477,0.599475836677617,0.5201409154853663,0.5922304058205676,0.4091292145221193,0.017653457681457044,0.029870954433238162,0.022250110384815797,0.021431540033300202,0.03950037234341553,0.037165420482836296,0.036127448468592796,0.6904402608373519,0.4388006422075565,0.5097186130724863,0.3963519996202218,0.6243904801708102,0.5839127782270803,0.7138856255837811,0.7045637188923982,0.6383118729204235,0.45765076207792776,0.4458385191823346,0.39930086277060084,0.46354511458725134,0.4305154953988894,0.558512669876887,0.5633585194506235,0.5914569317401839,0.4704349287621538,0.5882926593696026,0.40926231919144573,0.47868711050476587,0.5196721549559311,0.4570452873573476,0.5959421116567112
262153,0.7741454891834171,0.8185589777721063,0.8159374856574341,0.7884943177427963,0.8346067990144381,0.5900272565796967,0.7721669161366637,-0.7529291219304428,0.772689602685033,-0.7455089035373248,0.5081096571636662,0.575283406460692,0.8229741193082394,0.8106664083830804,0.6091310275210402,0.7772517472474498,0.7271042835004244,0.6839351354512908,1.0,0.5437292997331645,0.7223329048457038,0.6256168100484595,0.6901133503545334,0.7394788916765934,0.7252220737785149,0.5280062355560993,,-0.3230541075487068,0.8478635638194446,0.759786876925042,0.8264094656248959,0.8202444848065287,0.7655433691804431,0.7713519897764716,0.7697078403231359,0.7263316670435447,0.7522081518977838,0.8543373196421292,0.6822775534732208,0.07551955855255738,0.07510880109907338,0.07094990267562082,0.05330339014813796,0.08055692736570394,0.07969600302577551,0.09005245130848219,0.7083249437977206,0.7529028727178344,0.8390311787663965,0.5503952522287047,0.8339973331538406,0.8666326792816611,0.8131349549850063,0.8548136076283367,0.8464271417452635,0.7756021558846685,0.6558162678257596,0.5584022197591011,0.6903693644195128,0.6936867060207227,0.85552683437619,0.8597655753082992,0.8023848608036446,0.7909967513469465,0.8550913462045316,0.7199230926174953,0.8068653387372569,0.8573045998966157,0.6961361118140675,0.8315505398937052
262409,0.5359270891192592,0.5649241209287629,0.5053896980752387,0.4965069274513582,0.526255425444838,0.37767666206377637,0.5343578407026102,-0.5192652134842562,0.5350194596662314,-0.5146782931613167,0.35502958724699035,0.3585803737400562,0.5574073248126062,0.5636785070892377,0.3914047709468294,0.502799155777246,0.46370638405098347,0.3855902509796285,0.5437292997331645,1.0,0.4423383889142862,0.3658937924246356,0.457543517333791,0.4556800230245058,0.4498879219101553,0.34252392469810483,,-0.20151880482062773,0.5354232875933929,0.5118269374158736,0.5698935634134482,0.5580842593313645,0.5255813431656816,0.516315831808503,0.5111443066769739,0.48997905999033137,0.4805018819857151,0.5794948213255524,0.4207060034384904,0.044689738278907494,0.06699613137938379,0.06596470922727134,0.05601985280354853,0.05377631326703185,0.044856516174262805,0.07159276805921484,0.5786920725135403,0.5445034253745064,0.532216461273315,0.34363434648587415,0.5955083615778565,0.583471324872681,0.6484614797095779,0.5634806881434851,0.6947690951355819,0.5517985615855198,0.4178410470665917,0.9602441576294578,0.4683839210553786,0.44267730052329557,0.5787033117972774,0.5878349711420768,0.5605625555098578,0.564799334621837,0.5788219250490804,0.46620946940247004,0.5368245495607455,0.6539701971849498,0.47297869157242967,0.5710846552496
262665,0.7428640634312551,0.8293665353234535,0.8680466985991628,0.9073806556519879,0.679687501091992,0.6145180216708513,0.7413915584931415,-0.7220897069247926,0.7417311412990144,-0.714850487908321,0.3931785660438076,0.6008371092063616,0.8125561912052308,0.8107708359914862,0.6161728359688657,0.8648189671689915,0.9196625165241687,0.4165958077285727,0.7223329048457038,0.4423383889142862,1.0,0.7472461687931585,0.6900149879246297,0.6535669245187535,0.7692294644955112,0.5268907581262827,,-0.2946209550798409,0.7428492705702568,0.8183259891588093,0.8228310519559142,0.8180270866890417,0.7707206938003756,0.785739025195192,0.7697307199103196,0.7264143251926604,0.7738726215395791,0.8462880154515996,0.9585409088630462,0.08516521083692845,0.09556927152152257,0.09028250414404818,0.07421706964071284,0.10119024894987434,0.096366300130228,0.11250052235722428,0.5205146258809887,0.712463186445329,0.8905481431647099,0.5547016739699799,0.8069324844134912,0.8723283860972727,0.6659157038103077,0.7324471445963583,0.7536078866152977,0.7433857587237924,0.7027119859810869,0.4585251173656988,0.6291285161734235,0.878311265422289,0.8497861163763332,0.8528473906361191,0.760146501092698,0.8648977034295577,0.8469818602860533,0.7137611565764352,0.7489104191964371,0.831970522150349,0.6313826593853845,0.7853454715991014
262921,0.6931054452384641,0.7514171909411647,0.7623580082528163,0.735159005724797,0.588561700485075,0.6746944649169065,0.6914612509248835,-0.6739409335377611,0.6916516745838732,-0.6660937379289722,0.36918757828471843,0.7277468616531889,0.7477237090182781,0.7228939332282487,0.5548784456797317,0.703105675041291,0.7139908847345545,0.362012436644929,0.6256168100484595,0.3658937924246356,0.7472461687931585,1.0,0.6895758640739407,0.5703393752543757,0.6582015327835015,0.48829531835640655,,-0.2758971826868959,0.6213393613477793,0.7216068132017393,0.7465995721313864,0.7432410477270196,0.6989672099546513,0.7131730000388782,0.7009362175994711,0.675980361726594,0.7548549481905406,0.7755780384546874,0.690435285011703,0.08456000614290941,0.11225674767031975,0.09455625243777828,0.08822922302534991,0.10310637362766809,0.09590164151751812,0.12398952591461795,0.4608148023043271,0.6583314454397443,0.7840562986371787,0.6338931825223302,0.7083026770471575,0.7771274232529416,0.5824295971954183,0.6165353083454219,0.6446534149767873,0.6693349628667814,0.7138802076892139,0.3828451105281563,0.5485943145753899,0.6878725260744663,0.7767524854026621,0.7787685824192214,0.6953346719613321,0.7211245476225152,0.7763763286128946,0.6574996536777523,0.6645207783153744,0.7017878828748156,0.575099057172703,0.7282721645446661
263177,0.9464569657368751,0.7414291646654138,0.8516280187681925,0.734943654373056,0.7490263665116995,0.9155473013467136,0.943536425272056,-0.9203545038380717,0.9433167821905722,-0.9104709422637841,0.6857532620082545,0.8960844363862513,0.9415171252414868,0.7332191030779984,0.5451815640116093,0.7852074136338709,0.7119961969734503,0.5015225104656826,0.6901133503545334,0.457543517333791,0.6900149879246297,0.6895758640739407,1.0,0.6412856819761901,0.6424262258585923,0.46142151012015203,,-0.3670952607175556,0.7766137465784415,0.6834955712444797,0.7362726486764409,0.7248848867219836,0.6749012482729403,0.6804738930662183,0.6706293123290472,0.9003522757499344,0.8537608064601264,0.9055069300077675,0.6585542320172509,0.07713493490608596,0.10742939358660843,0.09246376096331144,0.08681133675956157,0.10224780161486736,0.10104341584719444,0.12378058273785386,0.7491962527297985,0.6947871278914828,0.7478172986060757,0.8695100248703509,0.8660047828988682,0.8251773225953527,0.8177780906864427,0.801453016551557,0.7751044130608373,0.7093849311071825,0.8817995907488284,0.4866523917364487,0.6042820914473597,0.6676101805134596,0.8522598174634594,0.8621352537862201,0.9282619826356194,0.7426578793075488,0.8993181127098369,0.6241919642719085,0.704717921730298,0.7387968537218436,0.7752880547447384,0.9135952113530806
263433,0.744451360048188,0.7167734427762023,0.7236539265385811,0.6958241078350563,0.8199339884850315,0.5585305477781638,0.7427107287895303,-0.7238965532794557,0.7432239516318945,-0.7171009879147219,0.4495623424168244,0.545618050723515,0.773194910549932,0.7055283551210237,0.5388326974917229,0.7098225511364186,0.6543468169257044,0.47052981207547667,0.7394788916765934,0.4556800230245058,0.6535669245187535,0.5703393752543757,0.6412856819761901,1.0,0.6256717299857246,0.44725384207559793,,-0.3104342791445773,0.7151733738929678,0.6662143712997737,0.7163931275130516,0.7092526478819687,0.664018099138917,0.6661871916237841,0.6626072123914987,0.6793370473704945,0.7412660353894036,0.7819181053337948,0.6172820666009171,0.05516239268216912,0.04626725546821312,0.0406203337351733,0.030814094427078022,0.05986077025504706,0.06812519752531235,0.06322403131701605,0.6795097183084152,0.660426638117897,0.7289666688574388,0.5242291117527116,0.7947872692135286,0.7812089488348084,0.7197246162849392,0.7493794668378917,0.7562887508230166,0.6771354680033442,0.6118361639593001,0.47475001863361826,0.6094152634279953,0.631939657784706,0.7675542675531066,0.772876440775508,0.7613915042935634,0.7585868089368767,0.7806805201749693,0.6220218670751069,0.671423738499796,0.8464331852038532,0.613717388447974,0.7825777891868494
263689,0.7119457804130088,0.776960526685204,0.7813102573867358,0.8898087519379958,0.6443301700662162,0.5614144220453009,0.7111151412637604,-0.6935748884838178,0.7114956450725989,-0.6862287142885316,0.43316576128925594,0.5569522675644314,0.7662203375303522,0.7627781148798628,0.5651318046967888,0.7486906445202908,0.7470586688595743,0.4019903978200838,0.7252220737785149,0.4498879219101553,0.7692294644955112,0.6582015327835015,0.6424262258585923,0.6256717299857246,1.0,0.5029652866367768,,-0.29711041236174274,0.6833989201684385,0.7321438103380364,0.7770510849039144,0.7752197453976699,0.7394380053455027,0.7455874350254322,0.7338033541557614,0.6902162970279444,0.7427659172695021,0.7992839389107501,0.7227754529346161,0.07645904138513879,0.08117812483097736,0.07169221742073538,0.062189724954702465,0.08490621470687869,0.08389941272474549,0.10018205200438984,0.5311952911089887,0.6783985671664017,0.8017001514597354,0.5230159336489257,0.7849163769568221,0.8191802483028381,0.6358315919429803,0.6776702790715898,0.6903703532462728,0.6949141379118561,0.6283898090208367,0.46526658757268485,0.6061194934209523,0.714483070167246,0.8041908544475673,0.8049126101611406,0.7318581557812546,0.7608839058023861,0.800431318588423,0.6839142755881885,0.7271760117947615,0.8270944048573671,0.6293884011317515,0.7555836463889742
263945,0.48243127526019175,0.6214774380632209,0.5305775108761125,0.547160058506396,0.4820463194118723,0.404644755400455,0.480982841669225,-0.46853991617453283,0.48176107311036787,-0.463169352096779,0.3141978601746123,0.4007176245239537,0.5335893321039098,0.5879732618909563,0.4665629196321417,0.518476732124617,0.5241402189043907,0.30483379608897115,0.5280062355560993,0.34252392469810483,0.5268907581262827,0.48829531835640655,0.46142151012015203,0.44725384207559793,0.5029652866367768,1.0,,-0.21265728484558236,0.5100511407695861,0.6118406637808903,0.6337336173673089,0.6597837126126841,0.6428470089754775,0.6587113881660478,0.6693660854922543,0.4524215394437988,0.49421029949505674,0.5971370294176856,0.4919151475913141,0.10023918812950867,0.08610381377767996,0.07556476268905576,0.048237549481519724,0.0917904635530745,0.08622499607202401,0.10396820043815312,0.375446551866024,0.5412553850910787,0.5885882668982473,0.3805011055393962,0.5185013394761849,0.5826821349049113,0.45884311716958553,0.49671745390986766,0.5003045396908088,0.5287925289198079,0.4543147438848327,0.34814107715981807,0.4807867015232109,0.4991948556104661,0.6366384924444246,0.6143048077957199,0.5145643917523359,0.5457332162125943,0.6052829007970957,0.65773654121021,0.5905235649310516,0.5697442417130196,0.4993751889592914,0.5401875295156503
264713,,,,,,,,,,,,,,,,,,,,,,,,,,,,,,,,,,,,,,,,,,,,,,,,,,,,,,,,,,,,,,,,,,,,,,
264969,-0.38068881483763356,-0.34850863079665495,-0.36490031524601185,-0.3301348652611736,-0.3459445046916406,-0.31736860443902537,-0.3854164577415386,0.3790202946783763,-0.38582769627301633,0.37564393441134153,-0.2870771237092886,-0.31110504466912536,-0.38512234565920234,-0.34198863388261314,-0.2641940010217035,-0.34021359220504804,-0.31339309582759745,-0.24723768775157282,-0.3230541075487068,-0.20151880482062773,-0.2946209550798409,-0.2758971826868959,-0.3670952607175556,-0.3104342791445773,-0.29711041236174274,-0.21265728484558236,,1.0,-0.3516864122200895,-0.3243110081709515,-0.35140684342995904,-0.3497110667045177,-0.3233770657552453,-0.3261647269543768,-0.3299760721154868,-0.361503199705687,-0.3533148680559589,-0.3882990914443768,-0.2736616617281236,0.09247077030980996,0.03792558257297626,0.023040148537452204,-0.012385117532210908,0.020333757166146774,0.0002149572077202414,0.03316221727309961,-0.32161580393816547,-0.32262894271181936,-0.33221129445493963,-0.31045207219312915,-0.376798535957912,-0.36623892625321836,-0.35282209860878944,-0.3521221774582918,-0.33446998820552626,-0.33193315580424043,-0.33857548895543654,-0.22138302536069637,-0.29225409117410817,-0.3080343108207486,-0.38092861767093605,-0.3820986644457276,-0.38609655709387225,-0.3279289730838581,-0.388213905431697,-0.3171719309248881,-0.3375502440731464,-0.34891311559355087,-0.33755936784608076,-0.3884647003609789
265737,0.8416251875379367,0.8228811541875823,0.9011912437609068,0.7754079414966307,0.8353097839789027,0.6137971742763342,0.8412930848938913,-0.8206074707442735,0.8413992640802898,-0.8124640447415239,0.7226160560558549,0.59536339311798,0.8681943067163077,0.8213431013690402,0.5960619761350783,0.776530756030136,0.7336848026767219,0.6846235589494196,0.8478635638194446,0.5354232875933929,0.7428492705702568,0.6213393613477793,0.7766137465784415,0.7151733738929678,0.6833989201684385,0.5100511407695861,,-0.3516864122200895,1.0,0.7615098034069901,0.8201336047105386,0.8077931133046988,0.7550903755097856,0.7573025230735506,0.7478201963325534,0.8517892518779611,0.7576974215958985,0.881959063923006,0.7040467062564393,0.05893836567434088,0.07512713110750643,0.06999448633208032,0.059318537748321,0.0789501038429439,0.08378840417498987,0.09024939250474907,0.8200326965200816,0.7816989759074235,0.8258923618216494,0.5746682120961869,0.8930891904948731,0.8880241534026058,0.8898065811935618,0.973527597715686,0.8593063982653738,0.8015466549823268,0.6853857480680661,0.5585175717034919,0.6895164782115271,0.7093664348223605,0.8673622436709534,0.8768882459000614,0.8606681275048067,0.8291057516055982,0.8801314940276835,0.6893718544296323,0.8351108751879561,0.8504895696375511,0.8179430082406594,0.9010896134787426
265993,0.7196814673816335,0.9171098321503818,0.8017596322834377,0.8091139322105798,0.718636673942765,0.6031149328025156,0.7184822133960126,-0.6991855451672,0.7192004890044609,-0.6925172596939116,0.45458724674991763,0.5903700695700028,0.7932964537649869,0.866441573391913,0.7036196516453459,0.7737623764798107,0.7873582808759475,0.4365196773543473,0.759786876925042,0.5118269374158736,0.8183259891588093,0.7216068132017393,0.6834955712444797,0.6662143712997737,0.7321438103380364,0.6118406637808903,,-0.3243110081709515,0.7615098034069901,1.0,0.9231804539206794,0.9357285342342696,0.893225277227694,0.9174610634054542,0.9099025334905421,0.6770560994099803,0.732990806867455,0.8725688296976176,0.7633038612411129,0.10267896138508564,0.11203618303100239,0.1038840177074118,0.08533003830179342,0.11290691541927772,0.10489966078793166,0.1303111846367509,0.5557547536489088,0.7846365990267482,0.8836862137149526,0.5561635924282331,0.779563689752008,0.8779400843158689,0.6766752223265133,0.7416714640225704,0.7572503130345215,0.7965032826677481,0.6991038079947476,0.5311358610678231,0.7189565507202759,0.7462244889992328,0.9137145389170798,0.9019141993657772,0.7688421443918353,0.8633707540914806,0.8793260741372513,0.8566943220297062,0.8548780932572474,0.8631965782775941,0.7313714767887082,0.8047160053425327
266249,0.7684786023209915,0.9941982483251272,0.8463246550915581,0.8479728756221663,0.7654885733739183,0.643777388980929,0.7666553408315594,-0.747210590188407,0.7675335801964346,-0.7402921063523227,0.5371226411869658,0.6380083804598367,0.8389907946383032,0.9632451805574953,0.7461775440365852,0.81270483141862,0.8061700582164123,0.48132956364662766,0.8264094656248959,0.5698935634134482,0.8228310519559142,0.7465995721313864,0.7362726486764409,0.7163931275130516,0.7770510849039144,0.6337336173673089,,-0.35140684342995904,0.8201336047105386,0.9231804539206794,1.0,0.9883723323409174,0.9106363396925593,0.9230663290269209,0.9207970335163421,0.7322820209963707,0.7709245094668269,0.922259854700429,0.7622088232440286,0.10253890764533097,0.11002299314601507,0.1002445835187549,0.08252870243464097,0.11449877504341428,0.11009709066236507,0.13072065236301392,0.6206530870331946,0.8870768834872831,0.9091544652534109,0.608470954361991,0.826264462675679,0.9071904866763251,0.7383372835588999,0.7924405425582675,0.8080957395014807,0.9072451483380507,0.7298102470153646,0.6013840971955617,0.7535193747833433,0.7796087127013481,0.9601375558438536,0.967696348509329,0.8114777565743148,0.8724890318976042,0.9277408812159756,0.8701594251278494,0.9308313885292786,0.9051410090253033,0.7994556070930854,0.8553746161653514
266505,0.7584831861501048,0.9767773819606166,0.8386840929841559,0.8436722188972596,0.7551101869563464,0.6315323962486825,0.7564369981057891,-0.7371210259460584,0.7572760178726115,-0.7302066408705138,0.5260308103150559,0.6259781107685474,0.8304843302340387,0.9364075896274404,0.7395593804184032,0.803104927429769,0.8066378957453715,0.47579641163169073,0.8202444848065287,0.5580842593313645,0.8180270866890417,0.7432410477270196,0.7248848867219836,0.7092526478819687,0.7752197453976699,0.6597837126126841,,-0.3497110667045177,0.8077931133046988,0.9357285342342696,0.9883723323409174,1.0,0.9482561696427625,0.9653314538637183,0.969255896723326,0.7229055959142001,0.7637319565847344,0.9202387221630431,0.7626130620949485,0.10783359502003464,0.11081378325847044,0.10044430845092968,0.08071055138120956,0.11839043051199884,0.11191898772039355,0.13278972586487234,0.6108707289163627,0.856908428056862,0.9040396433171332,0.5974198179388223,0.8167831365664148,0.9018067238131638,0.7256619195290169,0.7830981222613975,0.7920706707088015,0.8743644274826871,0.7165519028466484,0.5829492019381677,0.7546912902993291,0.7775918771486384,0.9683530784849749,0.9570567471179525,0.8023972584346354,0.8597020032252886,0.9280723554856893,0.9159458287537144,0.9239110433908979,0.8977663511555896,0.7889696270336086,0.845872318754429
266761,0.7083441409107717,0.8967933058345142,0.7899104847347644,0.7950248157043474,0.7020780821315452,0.5868140056432037,0.7060194266566668,-0.6877210169572605,0.7067486352383217,-0.6810943781072538,0.49097226335950966,0.5806384939724226,0.7772341678348498,0.854099850733724,0.6804825513716412,0.7460494972505464,0.76093459894091,0.4446193327582227,0.7655433691804431,0.5255813431656816,0.7707206938003756,0.6989672099546513,0.6749012482729403,0.664018099138917,0.7394380053455027,0.6428470089754775,,-0.3233770657552453,0.7550903755097856,0.893225277227694,0.9106363396925593,0.9482561696427625,1.0,0.9812468448839766,0.962315788495335,0.6771365604975446,0.713490221406347,0.8655104118452044,0.7202980512026647,0.10180431105128604,0.10181490732901946,0.0900271423283178,0.07106415474862694,0.11520533443371668,0.10399749236114295,0.1228097777607272,0.5725149293537591,0.7815547538929097,0.8536600392680754,0.5559491096444314,0.7669397111036427,0.849856608060464,0.6761594370042321,0.7361494158978034,0.7337467499044343,0.7919492251604097,0.6682504193114756,0.5403575967678899,0.7171042126643966,0.7324088228618052,0.9196861295090257,0.8873498362571589,0.7507443358214275,0.8020342311785356,0.874057421950617,0.8849935971968498,0.856806581648982,0.8428636726591188,0.7356880243983832,0.7943192822118128
267017,0.7138389368450866,0.9071966737034187,0.7978346704968919,0.8057869807128282,0.7054361178479682,0.5914209729791065,0.71155317581048,-0.6931184380164245,0.7122159264613601,-0.6863949439015489,0.48754399282462946,0.5857451846792424,0.7852460982439624,0.8577269749857451,0.6907110668924393,0.7576682348183844,0.7760326584970219,0.44460253034007224,0.7713519897764716,0.516315831808503,0.785739025195192,0.7131730000388782,0.6804738930662183,0.6661871916237841,0.7455874350254322,0.6587113881660478,,-0.3261647269543768,0.7573025230735506,0.9174610634054542,0.9230663290269209,0.9653314538637183,0.9812468448839766,1.0,0.9861252785511925,0.6817488678324278,0.722105834025516,0.8769169299015542,0.7395916435081487,0.10655720924486893,0.1053438738457337,0.09392970871964204,0.07326894936604537,0.1179845086071181,0.10736918913291685,0.126915217997045,0.5699166547217034,0.7780997474823592,0.8632267965466107,0.5589433038217799,0.7703605820265677,0.8580273571104385,0.6758094152585421,0.7381324132178294,0.7359788575836058,0.7902289126796096,0.6721181219621688,0.530101569654572,0.7231904042186039,0.7444993650860935,0.9345854871621966,0.8983159682491844,0.7559669590832131,0.8108987788964581,0.8866517394845843,0.9191678953961816,0.8662070513388452,0.8487386317296645,0.7386203040488412,0.7974951297001552
267273,0.7047842280938019,0.9002659925788665,0.7847919760236302,0.7948714226033806,0.7009016326621921,0.5805187496298592,0.7024712208534171,-0.684302991965746,0.7032120095708673,-0.6777587440958158,0.48213199639272214,0.5755530144971699,0.7756241624079331,0.8466167296401743,0.6922518765367286,0.7477825930670472,0.7674760479427157,0.44316410147058477,0.7697078403231359,0.5111443066769739,0.7697307199103196,0.7009362175994711,0.6706293123290472,0.6626072123914987,0.7338033541557614,0.6693660854922543,,-0.3299760721154868,0.7478201963325534,0.9099025334905421,0.9207970335163421,0.969255896723326,0.962315788495335,0.9861252785511925,1.0,0.6719903286528103,0.7143515923597127,0.8714531715359374,0.7254795881504242,0.1114085782508773,0.10699997904471772,0.0961123090958751,0.07411005724148326,0.11926142817767138,0.10941729688100027,0.12993105231066934,0.5647336623889826,0.7657556748634466,0.850976438755314,0.5500367746888718,0.7609780551503031,0.8483861592418618,0.669163722596974,0.7291756872749475,0.7267671962569819,0.7778926407516751,0.6596995361626088,0.5240890121461106,0.7191781869633226,0.7358406263767944,0.933793826553231,0.8924998022250131,0.7479849820463281,0.7963829737720721,0.8827181408400596,0.9450055510692776,0.8669910118660987,0.8413714374783396,0.7330233886077355,0.7886048707745275
267529,0.9179949999355207,0.7367539028913231,0.9365143756622398,0.7774737668204228,0.7597955231148109,0.7351301443657892,0.915487149063374,-0.8937281476455696,0.915450595764882,-0.8845221718293356,0.7909803259274405,0.7394641098854599,0.9146547686957425,0.733677242547855,0.5306672016504307,0.7859751894744823,0.7430380101744961,0.599475836677617,0.7263316670435447,0.48997905999033137,0.7264143251926604,0.675980361726594,0.9003522757499344,0.6793370473704945,0.6902162970279444,0.4524215394437988,,-0.361503199705687,0.8517892518779611,0.6770560994099803,0.7322820209963707,0.7229055959142001,0.6771365604975446,0.6817488678324278,0.6719903286528103,1.0,0.8118713511116404,0.8859009992059991,0.7120536241871659,0.06031639675961073,0.08203238890469214,0.07268397741958922,0.06384228244156374,0.07778977681173144,0.0888245577619659,0.09942189151500128,0.8661285230608613,0.6937815856210202,0.7411848865286466,0.7095614046803859,0.8908079833445185,0.8303185649327105,0.8456883971244363,0.8655762232908673,0.8094937468480647,0.7122127641262147,0.7491563482298983,0.5053476136104706,0.6056297170773584,0.7041407535665107,0.8395066578300322,0.8475269289697926,0.890231783712066,0.7635054297118267,0.880527649785598,0.6229263634780374,0.717423495713957,0.7710502173931977,0.8002685559394939,0.8950848571256214
267785,0.9111013131801873,0.7744473563005212,0.8429146440392294,0.836981852599179,0.8109233248583889,0.7793473854522155,0.9087617378488501,-0.8855307642145224,0.9086968558374778,-0.876168186280936,0.49613130322741733,0.7664325024818291,0.9254625972805082,0.7602891263314516,0.5744141702437228,0.8965105682744232,0.8167622388368174,0.5201409154853663,0.7522081518977838,0.4805018819857151,0.7738726215395791,0.7548549481905406,0.8537608064601264,0.7412660353894036,0.7427659172695021,0.49421029949505674,,-0.3533148680559589,0.7576974215958985,0.732990806867455,0.7709245094668269,0.7637319565847344,0.713490221406347,0.722105834025516,0.7143515923597127,0.8118713511116404,1.0,0.9074210981483594,0.7425493585220664,0.0826500644603635,0.10485666934769206,0.09155296980395947,0.08704851830355541,0.10397286890868647,0.09517104302881095,0.12028853353153696,0.6753397689010955,0.6994706055693166,0.8030314937447894,0.7331988791433971,0.9039438025914469,0.8758202394505793,0.7974783668214533,0.7759464043195015,0.8126267298328039,0.7186523476338066,0.810333780030913,0.5055432951037885,0.6605491234882935,0.7810524857748501,0.8686506001063863,0.8747172597992099,0.9056316331151808,0.7974519996357903,0.9032437142546795,0.6664595960419695,0.7142746772998735,0.8293603569787663,0.6964681980946978,0.893800132678011
268041,0.9450348863639142,0.9204556820932621,0.9342755768191797,0.8971187716541567,0.86331024201591,0.8079092228279293,0.942538415038469,-0.9188392152696577,0.9428329256802128,-0.9094409812297538,0.624989623629677,0.7916712678346014,0.9821004325221702,0.8976748282975007,0.6905938089632071,0.9099720322944401,0.8626840556158814,0.5922304058205676,0.8543373196421292,0.5794948213255524,0.8462880154515996,0.7755780384546874,0.9055069300077675,0.7819181053337948,0.7992839389107501,0.5971370294176856,,-0.3882990914443768,0.881959063923006,0.8725688296976176,0.922259854700429,0.9202387221630431,0.8655104118452044,0.8769169299015542,0.8714531715359374,0.8859009992059991,0.9074210981483594,1.0,0.8006317730838756,0.09284829433955054,0.112479668235716,0.09932943510426263,0.08685455952632472,0.11316219005198798,0.11080774046140006,0.13135202838113708,0.7659365230575935,0.8303106072167555,0.9176050701924587,0.7591169664559835,0.9475733121789501,0.9635194759210605,0.8739707079398416,0.8885390600278669,0.888991363003941,0.8501649437213052,0.8491747514567887,0.6023700215431254,0.7530411281822301,0.8275847607966563,0.9875854370317032,0.9887249576726702,0.9578584866352307,0.8928116988606987,0.999353587047693,0.8164827196392588,0.8694124580071576,0.9245498516009775,0.8234110685663862,0.9662143098305007
268297,0.7161664005868759,0.7664216428804556,0.8316268303029213,0.8738601828723719,0.6489857587473191,0.5658737252720046,0.7144859189848958,-0.6956632187389148,0.7147546830580829,-0.6889384331083023,0.3715070162433387,0.5587918953796116,0.7741603767377649,0.7380910007042236,0.570061561838576,0.8361613688607371,0.9105125784810033,0.4091292145221193,0.6822775534732208,0.4207060034384904,0.9585409088630462,0.690435285011703,0.6585542320172509,0.6172820666009171,0.7227754529346161,0.4919151475913141,,-0.2736616617281236,0.7040467062564393,0.7633038612411129,0.7622088232440286,0.7626130620949485,0.7202980512026647,0.7395916435081487,0.7254795881504242,0.7120536241871659,0.7425493585220664,0.8006317730838756,1.0,0.07848857253558691,0.08572692401088863,0.08608528883503355,0.0663383095353909,0.09474817751206924,0.09279247500074914,0.10375219035862748,0.5024976144018736,0.6466870170807938,0.8148070343246272,0.5171280256260847,0.7781835246705476,0.8185470373875077,0.641569788940999,0.7001848906137504,0.721738640692044,0.6711872488494378,0.6362566213866402,0.4340024152532477,0.5912866163038263,0.8322036959723812,0.800903981343313,0.7999033606042568,0.7231938493016197,0.8038053499624995,0.8012385796092556,0.6752159729390099,0.6894975548324619,0.7785495001182424,0.5899527814779332,0.7389979270746088
268553,0.06652652809567418,0.09738622924450449,0.0759037685682456,0.09030946154575423,0.0545630939967585,0.06907286347569354,0.057172453812250335,-0.04900696299071668,0.05883808197139527,-0.04948262321450756,0.04536982314548094,0.05972991946131152,0.08065282755375945,0.07994248079884472,0.10151979582675767,0.08758650166245507,0.09028620522116708,0.017653457681457044,0.07551955855255738,0.044689738278907494,0.08516521083692845,0.08456000614290941,0.07713493490608596,0.05516239268216912,0.07645904138513879,0.10023918812950867,,0.09247077030980996,0.05893836567434088,0.10267896138508564,0.10253890764533097,0.10783359502003464,0.10180431105128604,0.10655720924486893,0.1114085782508773,0.06031639675961073,0.0826500644603635,0.09284829433955054,0.07848857253558691,1.0,0.5910758354134119,0.4764425083017998,0.4200698577399325,0.543359181845968,0.4023355517760062,0.6702138404339245,0.03642675561195974,0.07524760418154187,0.09790234153804347,0.047371068291345186,0.06923653290721266,0.08999091938949075,0.05271685293566333,0.05851838598370614,0.057121833544732756,0.07168475511720682,0.07464982616322578,0.03833317259863605,0.036312342894633164,0.08164048256965262,0.10170830969978575,0.09698644132664133,0.0769826301541586,0.076934627602846,0.09604314670264377,0.1393702447335193,0.09173813271845138,0.08361023686341854,0.0721594526316382,0.07891404125105914
268809,0.09671207177264719,0.10697993580459639,0.09331633887675977,0.10694800980299002,0.06709408001806107,0.1058405270705647,0.09016060698795747,-0.08363980491341061,0.09172999075789127,-0.08410418885098823,0.057230074948973045,0.09345482328003991,0.1071507729972966,0.09128743983521258,0.1031332602334455,0.10640240839854205,0.11071954969840359,0.029870954433238162,0.07510880109907338,0.06699613137938379,0.09556927152152257,0.11225674767031975,0.10742939358660843,0.04626725546821312,0.08117812483097736,0.08610381377767996,,0.03792558257297626,0.07512713110750643,0.11203618303100239,0.11002299314601507,0.11081378325847044,0.10181490732901946,0.1053438738457337,0.10699997904471772,0.08203238890469214,0.10485666934769206,0.112479668235716,0.08572692401088863,0.5910758354134119,1.0,0.8192239700560597,0.8205607289172049,0.6714193864392378,0.4578288607713088,0.9059361619987069,0.05233274260008827,0.0810874778331502,0.10964152031894402,0.07698772194361944,0.0952240210603354,0.11049320740458388,0.08111508116572147,0.08054487539995672,0.07800851310990096,0.08277273364080373,0.1078343278496577,0.06181560152921715,0.047323128989868526,0.10323915240346826,0.1144334476281147,0.1135831396123382,0.1035861814438835,0.09154849390878443,0.11434600886594253,0.12959421518904737,0.10231529649737073,0.09159713233366193,0.08900677063459297,0.10346927472993173
269065,0.08467183460615724,0.09810510412772853,0.0830986556861268,0.09708793888442722,0.058010297523397855,0.08685526637137735,0.07963423010319029,-0.07372226176533535,0.08141710217115249,-0.07487201440705045,0.054268011640403964,0.07625059794174992,0.09335919864430617,0.08361351975346597,0.09851234269557597,0.09766146648047144,0.09939387633408987,0.022250110384815797,0.07094990267562082,0.06596470922727134,0.09028250414404818,0.09455625243777828,0.09246376096331144,0.0406203337351733,0.07169221742073538,0.07556476268905576,,0.023040148537452204,0.06999448633208032,0.1038840177074118,0.1002445835187549,0.10044430845092968,0.0900271423283178,0.09392970871964204,0.0961123090958751,0.07268397741958922,0.09155296980395947,0.09932943510426263,0.08608528883503355,0.4764425083017998,0.8192239700560597,1.0,0.9251976641065361,0.5426903501884235,0.36627692356400665,0.7617457132102173,0.04783981903485885,0.07290543473127324,0.0969987364878523,0.06341217001953786,0.0868280460224974,0.0984049411421934,0.07089712820756239,0.0742885572647287,0.07280359040045245,0.07453840836649908,0.09206606323928078,0.06285314647217864,0.04252490071792914,0.09528371856264806,0.10193083156481667,0.10153833705025002,0.0912037666151683,0.08557513358228594,0.10087387216017764,0.113075036714081,0.08953588274974383,0.08310166162564875,0.08514138627711755,0.09208641713986175
269321,0.07875942602330269,0.08270582304423646,0.07159697900411043,0.08553856282551348,0.052282923329790974,0.08506928978030182,0.0766332590963028,-0.0736837880850974,0.07752939564094465,-0.0737360609204718,0.04535882838978959,0.07793416784978693,0.08502285306775964,0.07223245436955962,0.07911166876836251,0.08489452238381047,0.08944445915262272,0.021431540033300202,0.05330339014813796,0.05601985280354853,0.07421706964071284,0.08822922302534991,0.08681133675956157,0.030814094427078022,0.062189724954702465,0.048237549481519724,,-0.012385117532210908,0.059318537748321,0.08533003830179342,0.08252870243464097,0.08071055138120956,0.07106415474862694,0.07326894936604537,0.07411005724148326,0.06384228244156374,0.08704851830355541,0.08685455952632472,0.0663383095353909,0.4200698577399325,0.8205607289172049,0.9251976641065361,1.0,0.5396549888726068,0.36253865584117273,0.7540031173820054,0.04105706516616167,0.06249057210057501,0.08213206629736443,0.06446774838095942,0.07898150479951063,0.08689348457561309,0.0659805418593929,0.06371597017674205,0.06058101971598827,0.066062259497059,0.08732859114602652,0.05632483863908026,0.030767127756900294,0.08701379579732946,0.08592218504286722,0.08725161351650626,0.08361491008232884,0.07141683339306243,0.08759383763949247,0.0863447867153923,0.07396841286426499,0.06820027196119484,0.07169236642815205,0.08333593140465845
269577,0.09298488883395317,0.11054498959497862,0.09484469612021929,0.10564913365764007,0.07934603502306188,0.09523716111366784,0.08621800543281725,-0.07972330341282703,0.08761579764368725,-0.0809469986862566,0.05625100089425915,0.08316621732255217,0.10461885820291536,0.0956055750851578,0.1109109671735605,0.10553242537242928,0.11018971711965116,0.03950037234341553,0.08055692736570394,0.05377631326703185,0.10119024894987434,0.10310637362766809,0.10224780161486736,0.05986077025504706,0.08490621470687869,0.0917904635530745,,0.020333757166146774,0.0789501038429439,0.11290691541927772,0.11449877504341428,0.11839043051199884,0.11520533443371668,0.1179845086071181,0.11926142817767138,0.07778977681173144,0.10397286890868647,0.11316219005198798,0.09474817751206924,0.543359181845968,0.6714193864392378,0.5426903501884235,0.5396549888726068,1.0,0.4607340141993777,0.7714141350371114,0.05460546895880713,0.080880186984424,0.11128286533805502,0.06876133772635194,0.09382670631848912,0.11010161546706394,0.08218857711522906,0.08263127083717524,0.07339067747210799,0.08227011173448899,0.09902359185169667,0.05546376689743161,0.05483307406076975,0.10182717142715196,0.11849869264646354,0.11498372703137819,0.1003376408218666,0.09153447451504877,0.11553248183126982,0.14022043359457045,0.1068440143752829,0.09512371859344716,0.08734839747131175,0.10194600692741611
269833,0.09542979247748208,0.10831610071958615,0.0998507625205204,0.10374107104878437,0.07124132140867281,0.09189702490982089,0.0927220858943093,-0.086314096623011,0.09386015375913218,-0.08763423105852482,0.07713748510098964,0.08440158849165776,0.10432586290691728,0.09741369800034842,0.1006833282734519,0.10308431565054063,0.10328322447049809,0.037165420482836296,0.07969600302577551,0.044856516174262805,0.096366300130228,0.09590164151751812,0.10104341584719444,0.06812519752531235,0.08389941272474549,0.08622499607202401,,0.0002149572077202414,0.08378840417498987,0.10489966078793166,0.11009709066236507,0.11191898772039355,0.10399749236114295,0.10736918913291685,0.10941729688100027,0.0888245577619659,0.09517104302881095,0.11080774046140006,0.09279247500074914,0.4023355517760062,0.4578288607713088,0.36627692356400665,0.36253865584117273,0.4607340141993777,1.0,0.6762345582958665,0.06248271166925585,0.08918292370155004,0.10604401866992258,0.07114066939544948,0.09318470273653297,0.10466288262573453,0.08029720658147113,0.08518708068370545,0.08373501133276924,0.08729182294001714,0.09657962060009408,0.0486771163148304,0.05391497295496349,0.09886464065152113,0.11391330320460444,0.11227104518944636,0.10116390181848597,0.10101485543180345,0.11275672947665652,0.12523020503102156,0.10233019341180886,0.09316068470370777,0.08806934405419226,0.10305906541364197
270089,0.11144470997136802,0.12689525186934855,0.11186244796080472,0.12367718707934612,0.07912621312907368,0.11680533087282424,0.10489185496045252,-0.09699059557828371,0.10657387133371443,-0.09801854001329212,0.07641624139118035,0.10446321417930589,0.12359001795304839,0.10989081656273887,0.12255206597494013,0.12276740609651825,0.1250775351117284,0.036127448468592796,0.09005245130848219,0.07159276805921484,0.11250052235722428,0.12398952591461795,0.12378058273785386,0.06322403131701605,0.10018205200438984,0.10396820043815312,,0.03316221727309961,0.09024939250474907,0.1303111846367509,0.13072065236301392,0.13278972586487234,0.1228097777607272,0.126915217997045,0.12993105231066934,0.09942189151500128,0.12028853353153696,0.13135202838113708,0.10375219035862748,0.6702138404339245,0.9059361619987069,0.7617457132102173,0.7540031173820054,0.7714141350371114,0.6762345582958665,1.0,0.06576344962685814,0.09920403009930116,0.12626835145570095,0.08763970204816982,0.11076436075881782,0.1262861063287632,0.09224497254447898,0.0944789114680207,0.09186086159576139,0.0993050725115029,0.11997115959135984,0.068006464193648,0.05934841253043247,0.11848471085418473,0.1352135115942093,0.13320909900614206,0.11939318691890179,0.11054139877071868,0.1338017390422688,0.15518689240237862,0.12152026048712827,0.1083891572609758,0.10636527615652094,0.12085330348896638
270345,0.8152716095365672,0.6209638694921049,0.8155250321425119,0.5999615082686369,0.7839925847534374,0.534743201919254,0.8122138303261994,-0.7929958794329666,0.8121405326754476,-0.7857408739046088,0.8124329335418644,0.5177033359374479,0.7976644590344742,0.623089612173956,0.44488166252694883,0.6453339898527992,0.5620452403256089,0.6904402608373519,0.7083249437977206,0.5786920725135403,0.5205146258809887,0.4608148023043271,0.7491962527297985,0.6795097183084152,0.5311952911089887,0.375446551866024,,-0.32161580393816547,0.8200326965200816,0.5557547536489088,0.6206530870331946,0.6108707289163627,0.5725149293537591,0.5699166547217034,0.5647336623889826,0.8661285230608613,0.6753397689010955,0.7659365230575935,0.5024976144018736,0.03642675561195974,0.05233274260008827,0.04783981903485885,0.04105706516616167,0.05460546895880713,0.06248271166925585,0.06576344962685814,1.0,0.6086950322272544,0.6058686967172281,0.5081830258354348,0.8055526308873084,0.7161741077819971,0.841310907439651,0.8516595440800356,0.7617381708666304,0.6223166544921037,0.5588427188819878,0.5850191648214017,0.5860854939090059,0.5411487622226316,0.7202788891019879,0.7286814197353663,0.7962195354393793,0.6506594951753555,0.7604511549900563,0.5210489717808464,0.6297869704610606,0.701470395935426,0.7588281427295986,0.8053503234152506
270601,0.7197156848997839,0.8990956071183782,0.7731961813551786,0.7379717121812719,0.6974680887200577,0.6111568642599161,0.7182394679505021,-0.700766865014283,0.7190352672150189,-0.6944074404903563,0.571755018555826,0.6157547658754677,0.7709989343783262,0.929193332004675,0.6543604199513402,0.7334644438673291,0.695066486242883,0.4388006422075565,0.7529028727178344,0.5445034253745064,0.712463186445329,0.6583314454397443,0.6947871278914828,0.660426638117897,0.6783985671664017,0.5412553850910787,,-0.32262894271181936,0.7816989759074235,0.7846365990267482,0.8870768834872831,0.856908428056862,0.7815547538929097,0.7780997474823592,0.7657556748634466,0.6937815856210202,0.6994706055693166,0.8303106072167555,0.6466870170807938,0.07524760418154187,0.0810874778331502,0.07290543473127324,0.06249057210057501,0.080880186984424,0.08918292370155004,0.09920403009930116,0.6086950322272544,1.0,0.8073340179109093,0.5996302807031297,0.761788756496012,0.8122141313785531,0.691901758575834,0.7403872042403408,0.7527448616994736,0.958183150539654,0.6852435004076561,0.5650871180302215,0.7000399457337623,0.6747834521368524,0.8475859406194484,0.8707639811272813,0.7522801912421951,0.8097100983857329,0.8312227380967336,0.7036224242884199,0.8499787484355974,0.8157138629119994,0.747991283886743,0.7938378532294187
270857,0.7845630409163513,0.9104490843909708,0.8700498540720152,0.8914057798724135,0.7974361128795014,0.6692848722194581,0.7831776027294582,-0.7629699410203562,0.783609852416757,-0.7550001402248891,0.47964379333362717,0.652971462608375,0.8727757475613634,0.8898899819728406,0.7039496180358911,0.8504010740597646,0.8466209229744016,0.5097186130724863,0.8390311787663965,0.532216461273315,0.8905481431647099,0.7840562986371787,0.7478172986060757,0.7289666688574388,0.8017001514597354,0.5885882668982473,,-0.33221129445493963,0.8258923618216494,0.8836862137149526,0.9091544652534109,0.9040396433171332,0.8536600392680754,0.8632267965466107,0.850976438755314,0.7411848865286466,0.8030314937447894,0.9176050701924587,0.8148070343246272,0.09790234153804347,0.10964152031894402,0.0969987364878523,0.08213206629736443,0.11128286533805502,0.10604401866992258,0.12626835145570095,0.6058686967172281,0.8073340179109093,1.0,0.608349536089615,0.8475232382453372,0.9566950787478363,0.7518308545548086,0.8175365459205858,0.8306835602825285,0.8299678808893693,0.7645964830383282,0.5539258224137151,0.7208765329614889,0.8114910981147304,0.9275361343115999,0.9306729622397801,0.8335670130234538,0.9118740752637938,0.9192492884581652,0.7920191602953383,0.8468124224889866,0.9058085405782822,0.7469380882556941,0.8784082708751488
271113,0.8071601982144945,0.6154335252402422,0.6383603070884829,0.5902543858243252,0.5772041348717567,0.9347874605506025,0.8060078511403858,-0.7860610112998496,0.8055629189661414,-0.7775354794953974,0.4081951851347886,0.9711340361414573,0.7941383972831977,0.6151622509032245,0.4470703666022557,0.6218608927185382,0.564424889969411,0.3963519996202218,0.5503952522287047,0.34363434648587415,0.5547016739699799,0.6338931825223302,0.8695100248703509,0.5242291117527116,0.5230159336489257,0.3805011055393962,,-0.31045207219312915,0.5746682120961869,0.5561635924282331,0.608470954361991,0.5974198179388223,0.5559491096444314,0.5589433038217799,0.5500367746888718,0.7095614046803859,0.7331988791433971,0.7591169664559835,0.5171280256260847,0.047371068291345186,0.07698772194361944,0.06341217001953786,0.06446774838095942,0.06876133772635194,0.07114066939544948,0.08763970204816982,0.5081830258354348,0.5996302807031297,0.608349536089615,1.0,0.7019141561186019,0.6700964442768403,0.6547936187829638,0.6026093495350611,0.6265696298413743,0.6029560705097189,0.8560913735692505,0.3638856871548012,0.49012308095108353,0.5410055816475371,0.7102404785530795,0.7198849466797878,0.7792816971381724,0.5849518686329946,0.7532364422124942,0.5095718474316319,0.5621026639729492,0.5983331493052757,0.5346409971191596,0.7502412730537411
271625,0.9468527947817621,0.8289249760300795,0.917805255968898,0.877524011140089,0.8711100364531356,0.7515770846938274,0.9476028062685705,-0.9235826213948695,0.947789892965398,-0.9139666039015449,0.6253680681300423,0.7269315265845459,0.9573366873227442,0.8206158965292414,0.6101539181415071,0.887933330734583,0.8276615393373566,0.6243904801708102,0.8339973331538406,0.5955083615778565,0.8069324844134912,0.7083026770471575,0.8660047828988682,0.7947872692135286,0.7849163769568221,0.5185013394761849,,-0.376798535957912,0.8930891904948731,0.779563689752008,0.826264462675679,0.8167831365664148,0.7669397111036427,0.7703605820265677,0.7609780551503031,0.8908079833445185,0.9039438025914469,0.9475733121789501,0.7781835246705476,0.06923653290721266,0.0952240210603354,0.0868280460224974,0.07898150479951063,0.09382670631848912,0.09318470273653297,0.11076436075881782,0.8055526308873084,0.761788756496012,0.8475232382453372,0.7019141561186019,1.0,0.9512619624418309,0.9247282012674668,0.913304820192623,0.91061626845323,0.7817801862944771,0.8194710354379418,0.6176417928467913,0.7092947027965513,0.7903482884662596,0.9139049983265736,0.9215960248782157,0.9585805128613379,0.8638163947232773,0.9437837222118047,0.7059198459742329,0.7951611263795851,0.9098188063443899,0.7730776674605254,0.9702174095136009
271881,0.8858085966548562,0.9075507182929125,0.9157340700593702,0.9175118889178461,0.8561817391127028,0.7265590164264892,0.8855237226725043,-0.8625361274502259,0.8858862747660146,-0.8536855429062511,0.5589707638106439,0.7068523729291732,0.9392317972438214,0.8881716396961581,0.6894516783905746,0.8922319925585034,0.8684670495429346,0.5839127782270803,0.8666326792816611,0.583471324872681,0.8723283860972727,0.7771274232529416,0.8251773225953527,0.7812089488348084,0.8191802483028381,0.5826821349049113,,-0.36623892625321836,0.8880241534026058,0.8779400843158689,0.9071904866763251,0.9018067238131638,0.849856608060464,0.8580273571104385,0.8483861592418618,0.8303185649327105,0.8758202394505793,0.9635194759210605,0.8185470373875077,0.08999091938949075,0.11049320740458388,0.0984049411421934,0.08689348457561309,0.11010161546706394,0.10466288262573453,0.1262861063287632,0.7161741077819971,0.8122141313785531,0.9566950787478363,0.6700964442768403,0.9512619624418309,1.0,0.8636725172955638,0.8917735902246638,0.9018021069252321,0.8343036429856919,0.8181180235801954,0.6065431505182832,0.7412096597462055,0.827046873297354,0.9565357731127577,0.9602356353195117,0.924198874168976,0.9174358179102317,0.9633081830672683,0.7911158161915841,0.8614350651178718,0.9427323675300894,0.7831525680844074,0.956865321387256
272137,0.900883384153642,0.739031279613381,0.8419703058461373,0.747782845299304,0.8603646326970418,0.6976862764856394,0.9014261067892841,-0.8784831977978229,0.9015538362580399,-0.8698439163977673,0.6319940556297338,0.6675507993489158,0.8964658860744504,0.7360821918690906,0.5409548066996792,0.7991832473740879,0.7047302327959127,0.7138856255837811,0.8131349549850063,0.6484614797095779,0.6659157038103077,0.5824295971954183,0.8177780906864427,0.7197246162849392,0.6358315919429803,0.45884311716958553,,-0.35282209860878944,0.8898065811935618,0.6766752223265133,0.7383372835588999,0.7256619195290169,0.6761594370042321,0.6758094152585421,0.669163722596974,0.8456883971244363,0.7974783668214533,0.8739707079398416,0.641569788940999,0.05271685293566333,0.08111508116572147,0.07089712820756239,0.0659805418593929,0.08218857711522906,0.08029720658147113,0.09224497254447898,0.841310907439651,0.691901758575834,0.7518308545548086,0.6547936187829638,0.9247282012674668,0.8636725172955638,1.0,0.9215044153617069,0.9090010392555067,0.7121699094344126,0.7415510682432014,0.664658510094608,0.6676886274181811,0.6780252236512245,0.832029104843056,0.8425330984528023,0.910337779278121,0.7704475978654726,0.8688640742518932,0.6175589519522249,0.7256420068703971,0.8243749815399667,0.7332550862950208,0.9106516356739216
272393,0.8712866129796498,0.7934281264075286,0.8989140816229175,0.770473740182665,0.8577604149329093,0.6455338928704062,0.8710309824458724,-0.8493697344848923,0.8711307985718239,-0.8407949126486078,0.7132760788836962,0.62425289686252,0.889554528943788,0.787889699506319,0.5826274075778985,0.7793248193562282,0.7266665369103805,0.7045637188923982,0.8548136076283367,0.5634806881434851,0.7324471445963583,0.6165353083454219,0.801453016551557,0.7493794668378917,0.6776702790715898,0.49671745390986766,,-0.3521221774582918,0.973527597715686,0.7416714640225704,0.7924405425582675,0.7830981222613975,0.7361494158978034,0.7381324132178294,0.7291756872749475,0.8655762232908673,0.7759464043195015,0.8885390600278669,0.7001848906137504,0.05851838598370614,0.08054487539995672,0.0742885572647287,0.06371597017674205,0.08263127083717524,0.08518708068370545,0.0944789114680207,0.8516595440800356,0.7403872042403408,0.8175365459205858,0.6026093495350611,0.913304820192623,0.8917735902246638,0.9215044153617069,1.0,0.8823912690777519,0.7606681894165122,0.700445954812929,0.5816935881737532,0.681364794311247,0.698630307897645,0.8634258264760274,0.8707938272340897,0.8846000336956912,0.8278010012804318,0.8856160844688106,0.6728742214261415,0.7879623010498157,0.8577286815997802,0.8011412559715383,0.9178728973839537
273673,0.8632767345144489,0.810064506176524,0.8470478468114158,0.8106704989213283,0.8483661471530589,0.6673464451420028,0.8633861720844249,-0.8414460544250211,0.8636023277410807,-0.8328800515209218,0.5493211008577727,0.6496468438290265,0.8859221187323065,0.8091055784004079,0.5934311784080933,0.8446802752436008,0.7694428038615487,0.6383118729204235,0.8464271417452635,0.6947690951355819,0.7536078866152977,0.6446534149767873,0.7751044130608373,0.7562887508230166,0.6903703532462728,0.5003045396908088,,-0.33446998820552626,0.8593063982653738,0.7572503130345215,0.8080957395014807,0.7920706707088015,0.7337467499044343,0.7359788575836058,0.7267671962569819,0.8094937468480647,0.8126267298328039,0.888991363003941,0.721738640692044,0.057121833544732756,0.07800851310990096,0.07280359040045245,0.06058101971598827,0.07339067747210799,0.08373501133276924,0.09186086159576139,0.7617381708666304,0.7527448616994736,0.8306835602825285,0.6265696298413743,0.91061626845323,0.9018021069252321,0.9090010392555067,0.8823912690777519,1.0,0.7822057037835589,0.7332148018776755,0.703383415416044,0.6924640442502213,0.7389327886130215,0.8652416168312959,0.8780077222530878,0.8846833322783538,0.8678238479270879,0.8859083708932682,0.6713653259000449,0.7801148370729638,0.8909315970446285,0.7210461307697358,0.8936080450858241
288009,0.7377549603275154,0.9202870263277273,0.796278357374126,0.7684376918860871,0.7181867936569724,0.619389090884697,0.7363688304186768,-0.7191289460081551,0.7369609093013341,-0.7118509036096657,0.5781422281224599,0.625079777144595,0.7909032625064087,0.952681726592229,0.6570796113355444,0.7650033546428989,0.7216495982648906,0.45765076207792776,0.7756021558846685,0.5517985615855198,0.7433857587237924,0.6693349628667814,0.7093849311071825,0.6771354680033442,0.6949141379118561,0.5287925289198079,,-0.33193315580424043,0.8015466549823268,0.7965032826677481,0.9072451483380507,0.8743644274826871,0.7919492251604097,0.7902289126796096,0.7778926407516751,0.7122127641262147,0.7186523476338066,0.8501649437213052,0.6711872488494378,0.07168475511720682,0.08277273364080373,0.07453840836649908,0.066062259497059,0.08227011173448899,0.08729182294001714,0.0993050725115029,0.6223166544921037,0.958183150539654,0.8299678808893693,0.6029560705097189,0.7817801862944771,0.8343036429856919,0.7121699094344126,0.7606681894165122,0.7822057037835589,1.0,0.6950173671409899,0.5755677847811957,0.7046271023897979,0.7119736377515078,0.8663246548561447,0.8916401433666081,0.7713242489820662,0.82806050769572,0.8508855023674735,0.7146284087812704,0.8732277772671246,0.8384781385906889,0.7662520404889405,0.8119636364488695
288265,0.8572878029701563,0.7361168371012554,0.7559540209367199,0.709722624614356,0.6701258459921677,0.9415177025154975,0.8591896291106718,-0.8363421070187792,0.8591688399992055,-0.8270265949972178,0.4356723615964839,0.8852844881334891,0.8652182920350313,0.7289517595799927,0.5481303782022043,0.7268685506531115,0.6801981496878394,0.4458385191823346,0.6558162678257596,0.4178410470665917,0.7027119859810869,0.7138802076892139,0.8817995907488284,0.6118361639593001,0.6283898090208367,0.4543147438848327,,-0.33857548895543654,0.6853857480680661,0.6991038079947476,0.7298102470153646,0.7165519028466484,0.6682504193114756,0.6721181219621688,0.6596995361626088,0.7491563482298983,0.810333780030913,0.8491747514567887,0.6362566213866402,0.07464982616322578,0.1078343278496577,0.09206606323928078,0.08732859114602652,0.09902359185169667,0.09657962060009408,0.11997115959135984,0.5588427188819878,0.6852435004076561,0.7645964830383282,0.8560913735692505,0.8194710354379418,0.8181180235801954,0.7415510682432014,0.700445954812929,0.7332148018776755,0.6950173671409899,1.0,0.4406582330966668,0.5835771297016338,0.6483428569117528,0.812074899926458,0.8230619222822386,0.8655178152576818,0.7328275938177117,0.844647353790409,0.6095331768402793,0.6862366335803535,0.7261126413562093,0.6128081809921359,0.8629539854122886
288521,0.5548108474238805,0.5996115719833407,0.524862967398172,0.5138525866145894,0.5680634639057344,0.39734200207985615,0.5539564095650173,-0.5390133916235313,0.5545431091182955,-0.5339913546330665,0.3688096035800571,0.37812713878179566,0.5780252239029052,0.6015078424922369,0.4126521149559238,0.5262243545396651,0.4792674117088575,0.39930086277060084,0.5584022197591011,0.9602441576294578,0.4585251173656988,0.3828451105281563,0.4866523917364487,0.47475001863361826,0.46526658757268485,0.34814107715981807,,-0.22138302536069637,0.5585175717034919,0.5311358610678231,0.6013840971955617,0.5829492019381677,0.5403575967678899,0.530101569654572,0.5240890121461106,0.5053476136104706,0.5055432951037885,0.6023700215431254,0.4340024152532477,0.03833317259863605,0.06181560152921715,0.06285314647217864,0.05632483863908026,0.05546376689743161,0.0486771163148304,0.068006464193648,0.5850191648214017,0.5650871180302215,0.5539258224137151,0.3638856871548012,0.6176417928467913,0.6065431505182832,0.664658510094608,0.5816935881737532,0.703383415416044,0.5755677847811957,0.4406582330966668,1.0,0.48465820143955585,0.45613709649913536,0.6012404609008739,0.6157219977477244,0.5808357306348657,0.5795513083535769,0.6012088789142175,0.4745919085940434,0.5564335706456981,0.6665595422211757,0.4949429207746579,0.593493753606657
288777,0.6662936541257692,0.7496123140343257,0.6747553587598284,0.6670532960961773,0.7132617128662287,0.5255311552497411,0.6656959263754167,-0.6491426261506382,0.6665464608779289,-0.6424020864254619,0.42635245621513274,0.5096135229850012,0.7100431038861515,0.7316745999152264,0.5586301681009882,0.6713400227851161,0.6325421766100195,0.46354511458725134,0.6903693644195128,0.4683839210553786,0.6291285161734235,0.5485943145753899,0.6042820914473597,0.6094152634279953,0.6061194934209523,0.4807867015232109,,-0.29225409117410817,0.6895164782115271,0.7189565507202759,0.7535193747833433,0.7546912902993291,0.7171042126643966,0.7231904042186039,0.7191781869633226,0.6056297170773584,0.6605491234882935,0.7530411281822301,0.5912866163038263,0.036312342894633164,0.047323128989868526,0.04252490071792914,0.030767127756900294,0.05483307406076975,0.05391497295496349,0.05934841253043247,0.5860854939090059,0.7000399457337623,0.7208765329614889,0.49012308095108353,0.7092947027965513,0.7412096597462055,0.6676886274181811,0.681364794311247,0.6924640442502213,0.7046271023897979,0.5835771297016338,0.48465820143955585,1.0,0.5992724069025114,0.7669401973871047,0.7650622600144783,0.694403519020844,0.7059254363745281,0.7550158899406063,0.6631661291387142,0.7164137393388439,0.7484221320368997,0.624617950710318,0.7153463615221695
289033,0.7576538567014989,0.7823064014930013,0.8171563129967604,0.886067495460437,0.6691832844327491,0.5826660981741132,0.7553926745669098,-0.7365129063924691,0.7560169100504347,-0.7290110555817253,0.4195275150348753,0.5790864553056766,0.8052554611406302,0.7637833709232261,0.5738227814201512,0.8770030069894661,0.9161648196576361,0.4305154953988894,0.6936867060207227,0.44267730052329557,0.878311265422289,0.6878725260744663,0.6676101805134596,0.631939657784706,0.714483070167246,0.4991948556104661,,-0.3080343108207486,0.7093664348223605,0.7462244889992328,0.7796087127013481,0.7775918771486384,0.7324088228618052,0.7444993650860935,0.7358406263767944,0.7041407535665107,0.7810524857748501,0.8275847607966563,0.8322036959723812,0.08164048256965262,0.10323915240346826,0.09528371856264806,0.08701379579732946,0.10182717142715196,0.09886464065152113,0.11848471085418473,0.5411487622226316,0.6747834521368524,0.8114910981147304,0.5410055816475371,0.7903482884662596,0.827046873297354,0.6780252236512245,0.698630307897645,0.7389327886130215,0.7119736377515078,0.6483428569117528,0.45613709649913536,0.5992724069025114,1.0,0.8234589308989821,0.8244335466054995,0.7719879692976992,0.769280006313223,0.8276651304518889,0.6859232744249713,0.7216510614320485,0.8000839697492965,0.6207744925038874,0.7717501563989426
289289,0.8905805767916344,0.9533571932486451,0.9140126068866475,0.8923320631837901,0.8361362192363213,0.7541190911052923,0.8881648835350339,-0.8657411315975486,0.8886746199541279,-0.8570944824330395,0.597252253581376,0.7414812729180109,0.9414715101027934,0.9213571198959237,0.7193778912063697,0.8843470090509558,0.8566710618122348,0.558512669876887,0.85552683437619,0.5787033117972774,0.8497861163763332,0.7767524854026621,0.8522598174634594,0.7675542675531066,0.8041908544475673,0.6366384924444246,,-0.38092861767093605,0.8673622436709534,0.9137145389170798,0.9601375558438536,0.9683530784849749,0.9196861295090257,0.9345854871621966,0.933793826553231,0.8395066578300322,0.8686506001063863,0.9875854370317032,0.800903981343313,0.10170830969978575,0.1144334476281147,0.10193083156481667,0.08592218504286722,0.11849869264646354,0.11391330320460444,0.1352135115942093,0.7202788891019879,0.8475859406194484,0.9275361343115999,0.7102404785530795,0.9139049983265736,0.9565357731127577,0.832029104843056,0.8634258264760274,0.8652416168312959,0.8663246548561447,0.812074899926458,0.6012404609008739,0.7669401973871047,0.8234589308989821,1.0,0.9921694940066089,0.9152882452768971,0.8935898318231931,0.9906741383376251,0.8779370061083733,0.9030830033264924,0.9292168490488075,0.8229763843489096,0.9366519679375921
289545,0.8992638724888119,0.9658184703712471,0.9199007406142231,0.8951557452767769,0.844500067820872,0.7647846978752847,0.8970169292583304,-0.8744778756371582,0.8975519243625818,-0.8658420514930113,0.6063731520642065,0.7519382182340645,0.948562208921352,0.9417047267375577,0.7234254629250637,0.8919895571877255,0.8558602521454389,0.5633585194506235,0.8597655753082992,0.5878349711420768,0.8528473906361191,0.7787685824192214,0.8621352537862201,0.772876440775508,0.8049126101611406,0.6143048077957199,,-0.3820986644457276,0.8768882459000614,0.9019141993657772,0.967696348509329,0.9570567471179525,0.8873498362571589,0.8983159682491844,0.8924998022250131,0.8475269289697926,0.8747172597992099,0.9887249576726702,0.7999033606042568,0.09698644132664133,0.1135831396123382,0.10153833705025002,0.08725161351650626,0.11498372703137819,0.11227104518944636,0.13320909900614206,0.7286814197353663,0.8707639811272813,0.9306729622397801,0.7198849466797878,0.9215960248782157,0.9602356353195117,0.8425330984528023,0.8707938272340897,0.8780077222530878,0.8916401433666081,0.8230619222822386,0.6157219977477244,0.7650622600144783,0.8244335466054995,0.9921694940066089,1.0,0.9229272040453884,0.9030537458264466,0.9898153360866946,0.8388681060948581,0.9070931824832609,0.9342087322102957,0.8307415545117735,0.944294494700948
289801,0.9771157989781563,0.8139281640551993,0.8883709676704203,0.8370008136578864,0.8561446144074679,0.8289084560154788,0.9778431145193034,-0.9529250581490915,0.9780211030648359,-0.9431477707077481,0.641067909059162,0.8043207244232807,0.9788693816323102,0.8035542636543624,0.6083715323015088,0.8913242636053114,0.8061644826045917,0.5914569317401839,0.8023848608036446,0.5605625555098578,0.760146501092698,0.6953346719613321,0.9282619826356194,0.7613915042935634,0.7318581557812546,0.5145643917523359,,-0.38609655709387225,0.8606681275048067,0.7688421443918353,0.8114777565743148,0.8023972584346354,0.7507443358214275,0.7559669590832131,0.7479849820463281,0.890231783712066,0.9056316331151808,0.9578584866352307,0.7231938493016197,0.0769826301541586,0.1035861814438835,0.0912037666151683,0.08361491008232884,0.1003376408218666,0.10116390181848597,0.11939318691890179,0.7962195354393793,0.7522801912421951,0.8335670130234538,0.7792816971381724,0.9585805128613379,0.924198874168976,0.910337779278121,0.8846000336956912,0.8846833322783538,0.7713242489820662,0.8655178152576818,0.5808357306348657,0.694403519020844,0.7719879692976992,0.9152882452768971,0.9229272040453884,1.0,0.8350926461020916,0.9532484425136035,0.6974357989589396,0.7813372927302622,0.8752652006948941,0.787397887541825,0.9789362914142653
290057,0.8019446552385477,0.8788436701644777,0.8674012251605461,0.8470556113647243,0.7837995295358258,0.6381122453290582,0.8015183126837488,-0.7810805177420109,0.8017284499102195,-0.7731335945815465,0.5350908635758622,0.6216285509675439,0.8588724927601804,0.8724332087792862,0.6532752676808075,0.8398042027772222,0.8101124724840754,0.4704349287621538,0.7909967513469465,0.564799334621837,0.8648977034295577,0.7211245476225152,0.7426578793075488,0.7585868089368767,0.7608839058023861,0.5457332162125943,,-0.3279289730838581,0.8291057516055982,0.8633707540914806,0.8724890318976042,0.8597020032252886,0.8020342311785356,0.8108987788964581,0.7963829737720721,0.7635054297118267,0.7974519996357903,0.8928116988606987,0.8038053499624995,0.076934627602846,0.09154849390878443,0.08557513358228594,0.07141683339306243,0.09153447451504877,0.10101485543180345,0.11054139877071868,0.6506594951753555,0.8097100983857329,0.9118740752637938,0.5849518686329946,0.8638163947232773,0.9174358179102317,0.7704475978654726,0.8278010012804318,0.8678238479270879,0.82806050769572,0.7328275938177117,0.5795513083535769,0.7059254363745281,0.769280006313223,0.8935898318231931,0.9030537458264466,0.8350926461020916,1.0,0.8927560324541686,0.7357820808890831,0.826497737092417,0.9068331017570094,0.7517026196000586,0.8634175109896459
290313,0.938712053549401,0.9246645116166824,0.9320630776525568,0.8971629048113441,0.8602557191230756,0.8014399767450717,0.9362542348867774,-0.9127019638226339,0.9365833737190253,-0.9034154200462002,0.6215055576413236,0.7855512757607159,0.9775568149896442,0.8998260536002817,0.6949254148667044,0.9072930174537305,0.8629176687098934,0.5882926593696026,0.8550913462045316,0.5788219250490804,0.8469818602860533,0.7763763286128946,0.8993181127098369,0.7806805201749693,0.800431318588423,0.6052829007970957,,-0.388213905431697,0.8801314940276835,0.8793260741372513,0.9277408812159756,0.9280723554856893,0.874057421950617,0.8866517394845843,0.8827181408400596,0.880527649785598,0.9032437142546795,0.999353587047693,0.8012385796092556,0.09604314670264377,0.11434600886594253,0.10087387216017764,0.08759383763949247,0.11553248183126982,0.11275672947665652,0.1338017390422688,0.7604511549900563,0.8312227380967336,0.9192492884581652,0.7532364422124942,0.9437837222118047,0.9633081830672683,0.8688640742518932,0.8856160844688106,0.8859083708932682,0.8508855023674735,0.844647353790409,0.6012088789142175,0.7550158899406063,0.8276651304518889,0.9906741383376251,0.9898153360866946,0.9532484425136035,0.8927560324541686,1.0,0.8326867982473974,0.8745991260930938,0.9256824731396366,0.8236933809402589,0.9630569971540589
290569,0.6544941929115832,0.8448323281153037,0.7268384066592685,0.7427917249585126,0.6530728210455508,0.5387105727792038,0.6515920846999378,-0.6348295449798292,0.6525827106800675,-0.629234488117371,0.4445967663232879,0.5341557198930361,0.7229887671228145,0.7853014287667843,0.6570671817649125,0.6993469344452108,0.71923820902055,0.40926231919144573,0.7199230926174953,0.46620946940247004,0.7137611565764352,0.6574996536777523,0.6241919642719085,0.6220218670751069,0.6839142755881885,0.65773654121021,,-0.3171719309248881,0.6893718544296323,0.8566943220297062,0.8701594251278494,0.9159458287537144,0.8849935971968498,0.9191678953961816,0.9450055510692776,0.6229263634780374,0.6664595960419695,0.8164827196392588,0.6752159729390099,0.1393702447335193,0.12959421518904737,0.113075036714081,0.0863447867153923,0.14022043359457045,0.12523020503102156,0.15518689240237862,0.5210489717808464,0.7036224242884199,0.7920191602953383,0.5095718474316319,0.7059198459742329,0.7911158161915841,0.6175589519522249,0.6728742214261415,0.6713653259000449,0.7146284087812704,0.6095331768402793,0.4745919085940434,0.6631661291387142,0.6859232744249713,0.8779370061083733,0.8388681060948581,0.6974357989589396,0.7357820808890831,0.8326867982473974,1.0,0.8211362548129243,0.7862320253974827,0.6849186386841829,0.7334073600644837
290825,0.7373357054771928,0.9176801680589907,0.8105449229492124,0.7850066330653295,0.722457368378758,0.5972812446984458,0.736341266254707,-0.7174328867318533,0.7370543120492965,-0.7106547107889722,0.5882301719980516,0.5867083238970666,0.7944837346892129,0.9011229508160008,0.6607654095723223,0.7501165788510504,0.7400824143351012,0.47868711050476587,0.8068653387372569,0.5368245495607455,0.7489104191964371,0.6645207783153744,0.704717921730298,0.671423738499796,0.7271760117947615,0.5905235649310516,,-0.3375502440731464,0.8351108751879561,0.8548780932572474,0.9308313885292786,0.9239110433908979,0.856806581648982,0.8662070513388452,0.8669910118660987,0.717423495713957,0.7142746772998735,0.8694124580071576,0.6894975548324619,0.09173813271845138,0.10231529649737073,0.08953588274974383,0.07396841286426499,0.1068440143752829,0.10233019341180886,0.12152026048712827,0.6297869704610606,0.8499787484355974,0.8468124224889866,0.5621026639729492,0.7951611263795851,0.8614350651178718,0.7256420068703971,0.7879623010498157,0.7801148370729638,0.8732277772671246,0.6862366335803535,0.5564335706456981,0.7164137393388439,0.7216510614320485,0.9030830033264924,0.9070931824832609,0.7813372927302622,0.826497737092417,0.8745991260930938,0.8211362548129243,1.0,0.8686674928275384,0.7841814356179977,0.8285452379690593
291081,0.8367709467285205,0.9030491764776516,0.858076802290724,0.884066795514527,0.8304813866641211,0.6437180044218709,0.8367170403352203,-0.8146869956629279,0.8374314802209544,-0.806704258361134,0.511126352834899,0.6298460946731815,0.8856218082478513,0.8871300727932884,0.6623662345606053,0.8550210277446517,0.8240198968317289,0.5196721549559311,0.8573045998966157,0.6539701971849498,0.831970522150349,0.7017878828748156,0.7387968537218436,0.8464331852038532,0.8270944048573671,0.5697442417130196,,-0.34891311559355087,0.8504895696375511,0.8631965782775941,0.9051410090253033,0.8977663511555896,0.8428636726591188,0.8487386317296645,0.8413714374783396,0.7710502173931977,0.8293603569787663,0.9245498516009775,0.7785495001182424,0.08361023686341854,0.09159713233366193,0.08310166162564875,0.06820027196119484,0.09512371859344716,0.09316068470370777,0.1083891572609758,0.701470395935426,0.8157138629119994,0.9058085405782822,0.5983331493052757,0.9098188063443899,0.9427323675300894,0.8243749815399667,0.8577286815997802,0.8909315970446285,0.8384781385906889,0.7261126413562093,0.6665595422211757,0.7484221320368997,0.8000839697492965,0.9292168490488075,0.9342087322102957,0.8752652006948941,0.9068331017570094,0.9256824731396366,0.7862320253974827,0.8686674928275384,1.0,0.7359841708123243,0.9000741131910657
291337,0.7612739678770327,0.8019658794762566,0.8187017966235068,0.6822214456109312,0.7232673229767099,0.5597628101868486,0.7587103846064157,-0.7411775455388154,0.7592547507720612,-0.734053854558839,0.8147725133263001,0.5506145400309143,0.7938798521463214,0.7864095336408434,0.5767617844159576,0.6992202895511486,0.6416876953971294,0.4570452873573476,0.6961361118140675,0.47297869157242967,0.6313826593853845,0.575099057172703,0.7752880547447384,0.613717388447974,0.6293884011317515,0.4993751889592914,,-0.33755936784608076,0.8179430082406594,0.7313714767887082,0.7994556070930854,0.7889696270336086,0.7356880243983832,0.7386203040488412,0.7330233886077355,0.8002685559394939,0.6964681980946978,0.8234110685663862,0.5899527814779332,0.0721594526316382,0.08900677063459297,0.08514138627711755,0.07169236642815205,0.08734839747131175,0.08806934405419226,0.10636527615652094,0.7588281427295986,0.747991283886743,0.7469380882556941,0.5346409971191596,0.7730776674605254,0.7831525680844074,0.7332550862950208,0.8011412559715383,0.7210461307697358,0.7662520404889405,0.6128081809921359,0.4949429207746579,0.624617950710318,0.6207744925038874,0.8229763843489096,0.8307415545117735,0.787397887541825,0.7517026196000586,0.8236933809402589,0.6849186386841829,0.7841814356179977,0.7359841708123243,1.0,0.8242830446834756
291593,0.9521141327775405,0.8575370889182542,0.9171227350750414,0.8486576360175235,0.8618863033168258,0.8024582274399408,0.9522139563374554,-0.9281986983867849,0.9524573286661547,-0.9187569315346364,0.6771192426293134,0.7770647605119991,0.9699360649474129,0.8469026895619469,0.6405072861691976,0.8692158956198816,0.8036381907727801,0.5959421116567112,0.8315505398937052,0.5710846552496,0.7853454715991014,0.7282721645446661,0.9135952113530806,0.7825777891868494,0.7555836463889742,0.5401875295156503,,-0.3884647003609789,0.9010896134787426,0.8047160053425327,0.8553746161653514,0.845872318754429,0.7943192822118128,0.7974951297001552,0.7886048707745275,0.8950848571256214,0.893800132678011,0.9662143098305007,0.7389979270746088,0.07891404125105914,0.10346927472993173,0.09208641713986175,0.08333593140465845,0.10194600692741611,0.10305906541364197,0.12085330348896638,0.8053503234152506,0.7938378532294187,0.8784082708751488,0.7502412730537411,0.9702174095136009,0.956865321387256,0.9106516356739216,0.9178728973839537,0.8936080450858241,0.8119636364488695,0.8629539854122886,0.593493753606657,0.7153463615221695,0.7717501563989426,0.9366519679375921,0.944294494700948,0.9789362914142653,0.8634175109896459,0.9630569971540589,0.7334073600644837,0.8285452379690593,0.9000741131910657,0.8242830446834756,1.0
